out:Speech Transmission Index_1,out:Speech Transmission Index_2,out:Speech Transmission Index_3
0.844987,0.869467,0.883517
0.769496,0.804941,0.816937
0.680743,0.724738,0.734702
0.631823,0.68019,0.689814
0.615808,0.667192,0.676493
0.602798,0.656328,0.665249
0.592165,0.646973,0.65568
0.588316,0.64498,0.653412
0.768753,0.804288,0.816261
0.72236,0.761588,0.772577
0.65895,0.703839,0.71373
0.633729,0.683008,0.692288
0.605585,0.658185,0.667336
0.584671,0.639349,0.647772
0.589633,0.644376,0.653179
0.585865,0.64198,0.650447
0.685552,0.729488,0.739636
0.66529,0.710466,0.720345
0.62674,0.675237,0.68467
0.614983,0.666926,0.676211
0.594164,0.647874,0.65657
0.591036,0.646723,0.655234
0.583954,0.641319,0.649639
0.575081,0.63395,0.641732
0.637199,0.68657,0.696048
0.62421,0.674289,0.683497
0.614523,0.666547,0.675464
0.593214,0.647247,0.655536
0.59787,0.652002,0.660619
0.577124,0.633041,0.641225
0.584586,0.640194,0.648928
0.581896,0.639301,0.647445
0.599958,0.651649,0.660376
0.594434,0.647374,0.656023
0.598752,0.652945,0.661839
0.592425,0.646628,0.655366
0.59092,0.646871,0.655295
0.580024,0.638204,0.646289
0.579278,0.63752,0.645557
0.575967,0.63536,0.643243
0.600027,0.654906,0.663621
0.586083,0.64045,0.648972
0.57594,0.632842,0.641048
0.587287,0.642266,0.650897
0.580377,0.637169,0.645381
0.579672,0.638046,0.645998
0.577348,0.63649,0.644283
0.573268,0.631305,0.639465
0.574095,0.631877,0.639718
0.574899,0.63262,0.640712
0.565918,0.62466,0.632521
0.565929,0.62464,0.632367
0.563825,0.623924,0.631412
0.56695,0.626793,0.634366
0.569013,0.629765,0.637335
0.557891,0.617822,0.6252
0.580811,0.639556,0.647544
0.566561,0.625965,0.633436
0.567938,0.627238,0.635206
0.563657,0.623602,0.631364
0.567778,0.628573,0.635998
0.556302,0.617909,0.625369
0.561848,0.624785,0.631893
0.543262,0.605256,0.61191
0.557335,0.617352,0.624665
0.559081,0.620269,0.627706
0.557078,0.618813,0.625907
0.563178,0.62439,0.631866
0.567264,0.629705,0.637036
0.574981,0.636405,0.643957
0.577525,0.638954,0.646764
0.55824,0.620095,0.627648
0.561248,0.623537,0.630491
0.573343,0.63413,0.641878
0.565914,0.626131,0.633669
0.564804,0.628384,0.635359
0.57472,0.637534,0.644977
0.562645,0.624619,0.632008
0.559458,0.621103,0.628285
0.554855,0.618515,0.625371
0.552474,0.617046,0.623651
0.575802,0.636965,0.644677
0.54664,0.608773,0.615664
0.555735,0.620358,0.627163
0.559009,0.621503,0.62881
0.569625,0.631598,0.63913
0.561319,0.624545,0.631572
0.554972,0.618833,0.625461
0.573695,0.635927,0.643444
0.554403,0.617477,0.624335
0.554354,0.618975,0.625643
0.572057,0.636465,0.643654
0.558491,0.622555,0.629266
0.556632,0.621573,0.628322
0.555114,0.619888,0.626577
0.548765,0.61306,0.619569
0.56557,0.626998,0.634351
0.567292,0.630343,0.637593
0.551479,0.616747,0.623055
0.565033,0.62818,0.635219
0.555754,0.619883,0.626584
0.567003,0.630485,0.637741
0.560058,0.624399,0.631331
0.553371,0.61878,0.625052
0.763349,0.796485,0.808018
0.830429,0.853994,0.867144
0.754508,0.788534,0.799798
0.668896,0.710102,0.719731
0.636165,0.681633,0.691213
0.603428,0.652192,0.661174
0.607096,0.656025,0.665199
0.589017,0.639749,0.648543
0.721212,0.7586,0.769327
0.75204,0.785763,0.797032
0.713726,0.751902,0.762317
0.656471,0.699317,0.708932
0.621835,0.668232,0.677391
0.602284,0.652268,0.661049
0.594705,0.644051,0.652903
0.591744,0.64312,0.651919
0.664349,0.708161,0.717788
0.668891,0.709752,0.719629
0.652145,0.695184,0.704602
0.626488,0.671819,0.681261
0.614347,0.662104,0.671385
0.596788,0.646982,0.655794
0.597335,0.647931,0.656719
0.582131,0.635334,0.64386
0.631092,0.677158,0.686614
0.620624,0.666434,0.675525
0.621713,0.668496,0.677703
0.603925,0.650928,0.659923
0.600313,0.649949,0.658649
0.588665,0.638926,0.647462
0.58898,0.64069,0.649601
0.586202,0.638517,0.647146
0.603952,0.652493,0.661573
0.615552,0.664392,0.673714
0.606189,0.654959,0.663969
0.594043,0.643769,0.652655
0.595713,0.646189,0.654887
0.585594,0.637557,0.64605
0.583647,0.636761,0.645404
0.572663,0.625719,0.63412
0.590976,0.641083,0.649949
0.588844,0.639111,0.647999
0.597509,0.6486,0.657518
0.596271,0.64821,0.657197
0.588897,0.640997,0.649729
0.590253,0.643134,0.65194
0.586434,0.640672,0.649283
0.580767,0.634155,0.64254
0.587524,0.639341,0.648292
0.57968,0.632683,0.641029
0.577685,0.630589,0.639027
0.577291,0.630771,0.639231
0.574297,0.62905,0.637401
0.573578,0.628176,0.636569
0.576827,0.63207,0.640303
0.573711,0.629597,0.637952
0.577871,0.631462,0.639896
0.575779,0.629352,0.637778
0.581923,0.636788,0.645345
0.563624,0.620054,0.628081
0.573767,0.629462,0.637785
0.568465,0.624969,0.633089
0.583587,0.639132,0.647502
0.569962,0.626682,0.634826
0.596122,0.64922,0.658152
0.576984,0.632302,0.640831
0.581111,0.636021,0.644593
0.574023,0.628764,0.637248
0.583532,0.638705,0.647339
0.566826,0.622922,0.631206
0.574312,0.6303,0.638531
0.572118,0.627966,0.636351
0.574875,0.628886,0.637465
0.58274,0.638712,0.647072
0.577677,0.634983,0.643166
0.571324,0.626574,0.63479
0.570647,0.627646,0.635889
0.57383,0.629854,0.638229
0.568235,0.624849,0.633068
0.577885,0.633738,0.642078
0.57,0.625923,0.634336
0.57671,0.63197,0.640434
0.561382,0.619646,0.627483
0.583121,0.640249,0.648733
0.571662,0.628035,0.636352
0.57286,0.630086,0.638443
0.564783,0.622886,0.630605
0.575122,0.63292,0.640956
0.584423,0.642307,0.650501
0.569379,0.627156,0.635162
0.573149,0.630727,0.638885
0.58331,0.640108,0.648581
0.568174,0.625381,0.633442
0.569088,0.627362,0.635455
0.566653,0.625675,0.633548
0.570996,0.628124,0.636392
0.57581,0.632935,0.641172
0.573496,0.631711,0.63973
0.565137,0.622735,0.630651
0.56852,0.627151,0.635084
0.571984,0.629547,0.637764
0.573075,0.630248,0.63862
0.569328,0.627369,0.635326
0.567262,0.625512,0.633652
0.682723,0.72319,0.733289
0.7526,0.786858,0.798033
0.828581,0.852658,0.865698
0.748742,0.782848,0.79389
0.667507,0.709439,0.719203
0.624439,0.66907,0.678414
0.605911,0.653505,0.662673
0.59918,0.64902,0.657992
0.66555,0.706964,0.716839
0.710985,0.748393,0.758777
0.753631,0.788559,0.79965
0.712479,0.751657,0.761903
0.651654,0.694843,0.704297
0.619656,0.666043,0.675233
0.598987,0.647121,0.656296
0.59272,0.642346,0.65127
0.636847,0.681081,0.690489
0.648654,0.690768,0.700165
0.661958,0.704184,0.713952
0.647299,0.690432,0.699997
0.618389,0.663899,0.673008
0.601147,0.648809,0.657789
0.593068,0.643197,0.651946
0.586901,0.638081,0.646724
0.615434,0.661903,0.670958
0.62318,0.670562,0.679677
0.619162,0.664597,0.673956
0.615548,0.661826,0.670856
0.60262,0.650472,0.65954
0.596505,0.647007,0.655711
0.593922,0.644595,0.653398
0.592378,0.644482,0.65323
0.604581,0.654275,0.663249
0.606062,0.65463,0.663663
0.604556,0.653076,0.6624
0.595045,0.64501,0.654009
0.597547,0.647733,0.656688
0.588447,0.63974,0.648323
0.593483,0.645102,0.653719
0.581698,0.634794,0.643217
0.584769,0.635893,0.64451
0.59374,0.644957,0.653659
0.591234,0.642068,0.651009
0.594106,0.643879,0.652764
0.58771,0.63871,0.647549
0.59197,0.643565,0.652363
0.580044,0.633544,0.641931
0.582288,0.635098,0.643871
0.5797,0.63128,0.64016
0.578651,0.631359,0.63973
0.585323,0.638194,0.646786
0.57908,0.633221,0.641535
0.580502,0.634963,0.643229
0.577417,0.631908,0.64021
0.575487,0.630396,0.638778
0.574963,0.630665,0.639018
0.57666,0.630429,0.639045
0.574116,0.628515,0.636897
0.56903,0.623859,0.632129
0.570968,0.62473,0.632989
0.570967,0.624518,0.632875
0.56783,0.623727,0.631769
0.572341,0.627099,0.63536
0.572648,0.628061,0.636284
0.58,0.634632,0.643094
0.575701,0.631115,0.639526
0.577013,0.632661,0.640885
0.570712,0.624895,0.633531
0.565678,0.621051,0.629258
0.583075,0.639549,0.647902
0.574451,0.630394,0.638626
0.580372,0.63672,0.645141
0.579077,0.634537,0.64299
0.569225,0.62616,0.634162
0.577097,0.633262,0.641709
0.575855,0.633022,0.641221
0.563072,0.621082,0.628947
0.569446,0.625995,0.633879
0.56884,0.625122,0.633321
0.574207,0.630878,0.639303
0.571455,0.627411,0.635718
0.570911,0.628054,0.636216
0.579,0.635238,0.643692
0.578491,0.635594,0.643848
0.567356,0.624649,0.632839
0.579145,0.635812,0.644174
0.577042,0.635014,0.643153
0.561055,0.620044,0.627823
0.574638,0.630744,0.639119
0.565054,0.622294,0.630461
0.580984,0.638065,0.646424
0.567191,0.624236,0.632442
0.572767,0.630581,0.638693
0.570764,0.627873,0.635993
0.563781,0.620531,0.62865
0.570062,0.627126,0.635461
0.569094,0.625506,0.633677
0.576221,0.634085,0.642441
0.569318,0.627096,0.635171
0.574893,0.632461,0.640498
0.566816,0.624787,0.632621
0.565848,0.623243,0.631296
0.567447,0.62541,0.633476
0.56951,0.626398,0.634626
0.63404,0.678617,0.687987
0.666335,0.7065,0.716289
0.747887,0.781942,0.793001
0.829913,0.854057,0.867078
0.748716,0.782835,0.793935
0.666714,0.708541,0.718345
0.626849,0.67232,0.681816
0.602508,0.650663,0.659848
0.630016,0.675796,0.684944
0.655506,0.697446,0.707037
0.708166,0.746249,0.756526
0.748463,0.782731,0.793822
0.704555,0.742331,0.752522
0.650633,0.693679,0.703224
0.624371,0.67037,0.679706
0.607222,0.654575,0.663841
0.612349,0.65949,0.668653
0.623504,0.668549,0.677786
0.646419,0.689836,0.699323
0.66215,0.704506,0.714095
0.64466,0.687945,0.69738
0.63136,0.677773,0.687195
0.610574,0.658318,0.667528
0.595211,0.643775,0.652729
0.60497,0.653213,0.662144
0.613118,0.66133,0.670434
0.616367,0.664319,0.673397
0.61899,0.66532,0.674411
0.615558,0.663157,0.672331
0.611212,0.660026,0.669074
0.594962,0.643991,0.652874
0.59232,0.642603,0.651408
0.599268,0.64954,0.658511
0.596881,0.64672,0.655763
0.600863,0.649968,0.65893
0.60408,0.653569,0.662531
0.60515,0.654249,0.663108
0.59339,0.644276,0.653014
0.592555,0.642956,0.651929
0.586588,0.638111,0.646869
0.593637,0.644997,0.653758
0.587332,0.639484,0.648238
0.589033,0.640539,0.649249
0.593695,0.645007,0.653814
0.589705,0.640755,0.649598
0.588688,0.641107,0.649658
0.582203,0.634179,0.643033
0.586926,0.640381,0.648659
0.583489,0.635422,0.644061
0.582981,0.636246,0.644925
0.582831,0.635229,0.644004
0.573902,0.627853,0.6362
0.585893,0.639066,0.647565
0.567999,0.622485,0.630642
0.572482,0.626588,0.635023
0.583607,0.638101,0.646435
0.574391,0.629393,0.637694
0.57354,0.627379,0.635846
0.579167,0.633459,0.641922
0.576243,0.632099,0.64049
0.579176,0.634248,0.642615
0.570386,0.625091,0.633399
0.568672,0.62471,0.632801
0.579668,0.634309,0.642882
0.577038,0.631709,0.640203
0.579428,0.635092,0.64352
0.574723,0.629949,0.63843
0.584209,0.639816,0.648515
0.572977,0.629697,0.637934
0.570663,0.627189,0.635201
0.564959,0.620872,0.628786
0.577528,0.633078,0.64162
0.581435,0.637016,0.645392
0.579501,0.634561,0.64308
0.569869,0.627121,0.63508
0.577055,0.631993,0.640608
0.576731,0.633509,0.641818
0.568947,0.626021,0.634078
0.568219,0.624691,0.632946
0.575352,0.632104,0.640272
0.570669,0.627786,0.635944
0.569457,0.628053,0.63594
0.576998,0.633388,0.641689
0.57465,0.632824,0.640684
0.576609,0.634121,0.642357
0.576103,0.633058,0.641276
0.57737,0.634812,0.643332
0.577617,0.634752,0.643024
0.577215,0.633972,0.642347
0.568947,0.628161,0.636028
0.569121,0.627564,0.635643
0.568033,0.626712,0.634618
0.572303,0.629397,0.637629
0.568735,0.628191,0.636177
0.570828,0.628509,0.636556
0.569583,0.628581,0.636521
0.569042,0.627956,0.635819
0.584127,0.64103,0.649269
0.576865,0.63359,0.641824
0.574131,0.633011,0.641176
0.574907,0.633123,0.641148
0.568123,0.626276,0.63411
0.566846,0.62484,0.632977
0.572979,0.630321,0.638333
0.614138,0.661436,0.670643
0.628118,0.673474,0.682791
0.666869,0.708623,0.718507
0.747566,0.781648,0.792801
0.821305,0.844831,0.857566
0.746143,0.780041,0.791047
0.671478,0.713201,0.72309
0.628902,0.673478,0.68298
0.60382,0.652047,0.661163
0.625054,0.671488,0.680778
0.655169,0.698396,0.707949
0.703561,0.741487,0.751779
0.744163,0.778303,0.789232
0.708296,0.74669,0.756946
0.647764,0.68997,0.699549
0.626207,0.672615,0.681843
0.60444,0.653833,0.662882
0.613194,0.660987,0.670037
0.62282,0.668186,0.677471
0.644055,0.687151,0.696545
0.663419,0.705933,0.71549
0.65199,0.696049,0.70558
0.625234,0.670906,0.679992
0.609221,0.655873,0.66517
0.593169,0.643501,0.652337
0.605728,0.65459,0.663818
0.603219,0.650896,0.659826
0.614336,0.661309,0.670382
0.616824,0.664196,0.673221
0.619488,0.667529,0.676705
0.603087,0.650434,0.659356
0.600666,0.649392,0.658384
0.590822,0.643046,0.651643
0.596706,0.647248,0.65629
0.602851,0.653713,0.662481
0.600665,0.649936,0.658899
0.595183,0.644992,0.653864
0.599909,0.649268,0.658084
0.599672,0.649428,0.658355
0.595115,0.646206,0.654932
0.582469,0.636166,0.644768
0.591498,0.642981,0.651694
0.587491,0.637878,0.646713
0.586324,0.638011,0.646573
0.587923,0.639045,0.647885
0.589586,0.641745,0.650514
0.590722,0.642087,0.650952
0.584989,0.636336,0.645085
0.57377,0.62789,0.636303
0.58055,0.634863,0.643446
0.578988,0.633439,0.641939
0.579797,0.633363,0.641966
0.581927,0.63515,0.643856
0.580295,0.633344,0.64184
0.583907,0.638102,0.646649
0.576562,0.630878,0.639228
0.57097,0.625695,0.634088
0.585705,0.639895,0.648553
0.573448,0.628998,0.637174
0.563675,0.61957,0.627589
0.573992,0.629592,0.638058
0.576264,0.630926,0.639429
0.575334,0.62974,0.638329
0.573186,0.628129,0.63645
0.579192,0.634766,0.643066
0.571608,0.627513,0.635865
0.578115,0.633194,0.641545
0.575225,0.631134,0.639393
0.570546,0.62664,0.634888
0.578223,0.633366,0.641649
0.580091,0.636703,0.644926
0.570942,0.626312,0.634713
0.572443,0.628269,0.636469
0.571729,0.628706,0.636841
0.574331,0.629899,0.638338
0.573437,0.629669,0.637963
0.577426,0.633168,0.641491
0.573227,0.629305,0.637556
0.580804,0.63696,0.645527
0.583518,0.639374,0.647948
0.577893,0.635871,0.644244
0.564996,0.622946,0.630781
0.570998,0.627361,0.635566
0.565821,0.623297,0.631372
0.568929,0.626371,0.634361
0.570063,0.627906,0.635928
0.572335,0.628603,0.6371
0.571308,0.628036,0.636332
0.56875,0.627124,0.635087
0.568581,0.626554,0.634661
0.570425,0.628181,0.636201
0.573231,0.631713,0.639715
0.578316,0.63476,0.643075
0.568446,0.627088,0.635113
0.571147,0.628574,0.636588
0.571744,0.629207,0.637546
0.565837,0.623091,0.631225
0.57121,0.629303,0.637305
0.570342,0.629309,0.637241
0.570928,0.629191,0.637184
0.574175,0.63132,0.639469
0.573044,0.631003,0.639194
0.572899,0.629814,0.637896
0.569304,0.627483,0.635546
0.599702,0.649945,0.658802
0.603519,0.65054,0.659856
0.624225,0.670638,0.679968
0.663007,0.704537,0.714136
0.744824,0.778481,0.789499
0.82789,0.851781,0.864842
0.747804,0.781849,0.792831
0.672293,0.713154,0.722782
0.596077,0.646506,0.655625
0.602564,0.651457,0.660476
0.624294,0.670626,0.680008
0.650972,0.693473,0.703083
0.706344,0.744569,0.754707
0.746754,0.780732,0.791662
0.70985,0.74838,0.758602
0.664646,0.707218,0.716952
0.588805,0.638918,0.648013
0.600047,0.649984,0.658884
0.603568,0.651622,0.660626
0.621385,0.666992,0.676325
0.642731,0.685723,0.695242
0.662028,0.703757,0.713449
0.654287,0.697254,0.706927
0.632906,0.678128,0.687462
0.587065,0.638465,0.64721
0.599677,0.650646,0.659684
0.600218,0.649746,0.658519
0.603193,0.651887,0.66074
0.617834,0.664776,0.673842
0.620851,0.667876,0.676972
0.619842,0.666538,0.675792
0.610566,0.658748,0.66776
0.585874,0.637812,0.646578
0.585495,0.636303,0.644964
0.585506,0.636378,0.645062
0.597279,0.647104,0.655951
0.602993,0.653174,0.662185
0.603615,0.652401,0.661449
0.604047,0.653679,0.662522
0.601663,0.650072,0.659208
0.57846,0.631914,0.640425
0.578238,0.631066,0.639486
0.582475,0.634907,0.643382
0.589131,0.641746,0.650466
0.586468,0.637515,0.646287
0.587807,0.639089,0.647766
0.590389,0.641051,0.649934
0.589454,0.640557,0.649398
0.56747,0.62256,0.630866
0.574,0.628119,0.636418
0.581814,0.635557,0.644241
0.571966,0.62591,0.634242
0.574842,0.628148,0.636627
0.579077,0.631865,0.640574
0.574853,0.62835,0.636804
0.5814,0.634355,0.643073
0.563245,0.621723,0.629429
0.571675,0.62744,0.63567
0.570952,0.62672,0.635004
0.573725,0.629822,0.638039
0.572299,0.625873,0.634284
0.575225,0.62918,0.637742
0.581163,0.634429,0.643202
0.58066,0.63587,0.644383
0.57224,0.627907,0.636321
0.576717,0.63196,0.640319
0.583598,0.639719,0.648205
0.579591,0.634308,0.642896
0.56693,0.621763,0.630062
0.567331,0.623867,0.631925
0.572387,0.627774,0.636214
0.584583,0.638718,0.647509
0.572111,0.629001,0.637152
0.572669,0.627988,0.636407
0.5735,0.629186,0.637682
0.580881,0.63649,0.645088
0.578057,0.634132,0.64261
0.571394,0.627243,0.635364
0.582862,0.637513,0.646142
0.574081,0.6293,0.637541
0.573666,0.631882,0.639804
0.575491,0.632228,0.640563
0.574715,0.63211,0.640305
0.571838,0.629557,0.637599
0.569063,0.627004,0.635316
0.575806,0.632984,0.64108
0.575297,0.630997,0.639243
0.569529,0.626678,0.634611
0.573096,0.629457,0.637887
0.562189,0.6207,0.628578
0.573867,0.630508,0.638676
0.565939,0.62253,0.630837
0.574014,0.631861,0.640138
0.574119,0.630181,0.638386
0.574014,0.632597,0.640786
0.573786,0.630689,0.639023
0.57463,0.633494,0.641454
0.565165,0.623796,0.631629
0.573189,0.632455,0.640304
0.579076,0.636457,0.644599
0.571995,0.628946,0.636883
0.574522,0.631406,0.639642
0.572859,0.629327,0.637526
0.58563,0.642281,0.65062
0.5889,0.640325,0.649109
0.593499,0.643187,0.652039
0.606124,0.654308,0.663529
0.628731,0.674574,0.683945
0.669198,0.710589,0.720244
0.746477,0.780571,0.791403
0.825725,0.849203,0.862095
0.752711,0.786019,0.797116
0.586144,0.637162,0.645849
0.593979,0.643871,0.652831
0.607166,0.656601,0.665656
0.624035,0.66982,0.679262
0.652023,0.694402,0.703933
0.707836,0.745125,0.755465
0.748361,0.781892,0.792985
0.711829,0.748588,0.758965
0.588824,0.640265,0.649112
0.591003,0.642176,0.650999
0.59753,0.646691,0.655556
0.61002,0.658183,0.667272
0.633466,0.679463,0.68878
0.644361,0.686545,0.695872
0.667589,0.709067,0.718763
0.658969,0.700316,0.710128
0.585575,0.638325,0.646905
0.587177,0.63867,0.647376
0.592506,0.643077,0.652014
0.593178,0.641889,0.650834
0.602153,0.649928,0.658746
0.615017,0.661483,0.670571
0.620367,0.665871,0.675025
0.629015,0.67419,0.683527
0.585953,0.638502,0.647144
0.584236,0.635036,0.643859
0.59172,0.643612,0.65243
0.592372,0.642996,0.651804
0.599206,0.649848,0.658735
0.598485,0.647462,0.656524
0.606589,0.65488,0.663732
0.603163,0.65086,0.659795
0.581262,0.634471,0.643195
0.586379,0.638835,0.647534
0.581873,0.634666,0.643281
0.582526,0.634266,0.64296
0.598514,0.64957,0.658312
0.597119,0.647125,0.656228
0.593404,0.642894,0.651795
0.597462,0.64801,0.656982
0.570016,0.625608,0.633802
0.569203,0.623686,0.632041
0.570762,0.624814,0.633217
0.576003,0.629768,0.638294
0.56791,0.620897,0.629192
0.592238,0.64492,0.653797
0.583166,0.635964,0.644655
0.5833,0.635246,0.643849
0.571011,0.628263,0.636273
0.573147,0.629207,0.637538
0.576109,0.631938,0.640052
0.568502,0.623059,0.6312
0.57212,0.626779,0.635082
0.563202,0.619673,0.627546
0.579454,0.633479,0.64186
0.57889,0.633447,0.641916
0.57669,0.633587,0.641833
0.569706,0.626365,0.63455
0.577527,0.633747,0.64223
0.570218,0.626471,0.63468
0.577199,0.633107,0.64134
0.576752,0.63091,0.63927
0.581817,0.636819,0.645524
0.577938,0.632963,0.64156
0.57208,0.628562,0.63658
0.568422,0.62528,0.633345
0.577938,0.634869,0.643165
0.57636,0.632345,0.64064
0.569665,0.626441,0.634647
0.586026,0.642119,0.65048
0.578632,0.633798,0.642075
0.567936,0.62395,0.632195
0.585174,0.641073,0.649544
0.567744,0.626185,0.634069
0.572807,0.629439,0.637606
0.571271,0.627173,0.635545
0.575075,0.631396,0.639677
0.580498,0.636545,0.645075
0.580648,0.637499,0.645988
0.585311,0.640141,0.648879
0.577977,0.634933,0.64309
0.563768,0.622156,0.630232
0.579251,0.637187,0.645298
0.567958,0.624514,0.63255
0.573434,0.631972,0.640059
0.57699,0.633527,0.641891
0.572151,0.631117,0.639127
0.580901,0.635828,0.644336
0.573963,0.632534,0.640641
0.570043,0.627262,0.635671
0.561804,0.620724,0.628298
0.569005,0.62733,0.635411
0.567788,0.626311,0.634337
0.570261,0.627118,0.635217
0.570046,0.626175,0.634497
0.577132,0.634655,0.642951
0.594281,0.648885,0.657607
0.593753,0.647266,0.65605
0.605931,0.656707,0.666046
0.613794,0.663552,0.672743
0.634178,0.680793,0.69041
0.678015,0.71992,0.730068
0.760746,0.795629,0.807012
0.835327,0.859164,0.87261
0.590883,0.643692,0.652423
0.598518,0.652216,0.660803
0.593823,0.645384,0.654308
0.609542,0.65881,0.667947
0.620685,0.667511,0.67681
0.66069,0.704041,0.713753
0.715542,0.753776,0.764229
0.762795,0.797731,0.809375
0.587052,0.64232,0.650759
0.596585,0.649658,0.65836
0.601341,0.653701,0.662553
0.600709,0.651474,0.660492
0.613782,0.662016,0.671327
0.628465,0.675389,0.684559
0.657833,0.701886,0.711605
0.675802,0.718704,0.728519
0.583831,0.637864,0.646221
0.588801,0.642726,0.651423
0.583963,0.637101,0.645783
0.592871,0.645936,0.654653
0.595331,0.645027,0.653747
0.613679,0.662697,0.671905
0.628926,0.676594,0.685874
0.627128,0.674786,0.684134
0.579881,0.635717,0.643812
0.596394,0.651036,0.659915
0.586042,0.641224,0.649701
0.584786,0.638502,0.646982
0.59558,0.647495,0.656316
0.588078,0.637898,0.646729
0.598891,0.65147,0.660119
0.599808,0.648947,0.657822
0.583654,0.638765,0.647202
0.585886,0.641685,0.650265
0.581729,0.636526,0.644992
0.591185,0.6454,0.653986
0.586073,0.641106,0.649296
0.590657,0.643407,0.652208
0.594572,0.646414,0.655127
0.583462,0.634329,0.643016
0.567469,0.626685,0.6347
0.5726,0.630897,0.638816
0.564879,0.622334,0.630208
0.577975,0.634602,0.642809
0.571007,0.627925,0.636052
0.570046,0.625141,0.633323
0.579239,0.633547,0.6421
0.580783,0.636509,0.644814
0.571231,0.628163,0.636249
0.576003,0.634535,0.642445
0.575734,0.633785,0.641822
0.567272,0.624535,0.632903
0.567379,0.625087,0.632867
0.570624,0.627782,0.635581
0.570608,0.627796,0.635832
0.573503,0.630205,0.638706
0.567219,0.626909,0.634751
0.572386,0.630175,0.63833
0.575778,0.634974,0.642896
0.57527,0.632563,0.64073
0.57894,0.638157,0.646146
0.566103,0.624831,0.632555
0.578887,0.635404,0.643815
0.568514,0.625833,0.633794
0.586205,0.644583,0.652915
0.558537,0.618507,0.626089
0.567254,0.627251,0.635065
0.572173,0.632063,0.639861
0.564046,0.622171,0.63011
0.57053,0.629512,0.637393
0.574049,0.632598,0.640585
0.576005,0.634043,0.642262
0.560764,0.620854,0.628384
0.552576,0.614057,0.621174
0.575822,0.635916,0.643525
0.570529,0.629533,0.637408
0.566604,0.626036,0.633927
0.568184,0.627742,0.635517
0.574964,0.632767,0.641111
0.569694,0.627516,0.63566
0.558336,0.61801,0.625601
0.56678,0.625593,0.633656
0.568124,0.627794,0.635643
0.560493,0.619602,0.627552
0.577722,0.63709,0.645149
0.570935,0.630011,0.63802
0.568735,0.627921,0.635843
0.565079,0.623586,0.631129
0.566112,0.627368,0.634988
0.564743,0.625055,0.632634
0.572383,0.632937,0.640816
0.564977,0.624648,0.632512
0.561477,0.621009,0.628805
0.566958,0.625324,0.633347
0.564536,0.625874,0.633117
0.562442,0.621754,0.629381
0.758925,0.791725,0.80309
0.721223,0.758456,0.769043
0.666818,0.708592,0.718446
0.631225,0.676093,0.685476
0.616759,0.664949,0.674238
0.602202,0.651061,0.660226
0.609321,0.660469,0.66964
0.601525,0.652702,0.661734
0.832605,0.856178,0.869471
0.750414,0.784157,0.795254
0.668902,0.709645,0.7194
0.632099,0.678096,0.687451
0.615501,0.663792,0.673097
0.611335,0.661405,0.670606
0.596929,0.648146,0.656895
0.60763,0.659543,0.668756
0.75389,0.787812,0.799027
0.71536,0.753201,0.763608
0.650049,0.691765,0.701348
0.624916,0.671736,0.680962
0.619022,0.667893,0.677319
0.607407,0.657894,0.666896
0.59204,0.643338,0.652169
0.594996,0.647666,0.656287
0.663565,0.704738,0.714355
0.652245,0.696301,0.705704
0.629727,0.675278,0.684621
0.613737,0.661795,0.670744
0.607013,0.657392,0.666502
0.590907,0.641564,0.650368
0.594674,0.646942,0.655747
0.582995,0.636595,0.645216
0.626506,0.67306,0.682443
0.617969,0.664913,0.673981
0.61317,0.660462,0.669582
0.602302,0.652959,0.661932
0.592038,0.64392,0.652635
0.594152,0.645587,0.65433
0.600447,0.653266,0.661929
0.591017,0.644224,0.652846
0.598953,0.648287,0.657323
0.595907,0.645846,0.654579
0.60282,0.653827,0.662581
0.599224,0.650372,0.659271
0.588521,0.642025,0.650402
0.589821,0.643084,0.651752
0.584469,0.638896,0.647375
0.587257,0.641087,0.649659
0.58737,0.638792,0.647646
0.587694,0.640119,0.648956
0.575443,0.628775,0.637151
0.582548,0.635248,0.643971
0.584446,0.637901,0.646578
0.583576,0.638598,0.6469
0.576232,0.631513,0.639673
0.577827,0.634334,0.642606
0.57615,0.630149,0.63862
0.574879,0.629473,0.637796
0.567759,0.621661,0.630099
0.56227,0.617277,0.625565
0.579677,0.633452,0.64188
0.569977,0.625139,0.633438
0.572937,0.629131,0.637324
0.573499,0.631132,0.639048
0.582876,0.638202,0.646777
0.574666,0.629988,0.638239
0.567042,0.623394,0.631439
0.574353,0.629246,0.637682
0.570725,0.626493,0.634754
0.583387,0.639677,0.647955
0.575758,0.633055,0.641174
0.569919,0.627854,0.635614
0.573888,0.629684,0.637902
0.575091,0.630645,0.639035
0.57612,0.631208,0.639925
0.577961,0.634739,0.643064
0.579073,0.635305,0.643721
0.574683,0.630609,0.639062
0.568432,0.627166,0.635162
0.569684,0.627765,0.635767
0.56197,0.619589,0.6276
0.578926,0.63592,0.644221
0.572281,0.62935,0.637567
0.569149,0.627325,0.635349
0.574413,0.632114,0.640382
0.566824,0.624825,0.63299
0.581115,0.637941,0.646363
0.563569,0.623929,0.631325
0.574875,0.632386,0.64043
0.574116,0.632203,0.640117
0.572706,0.629431,0.637832
0.569507,0.628495,0.636458
0.569327,0.627536,0.635653
0.571456,0.630427,0.638327
0.561756,0.620197,0.62785
0.573212,0.633335,0.641109
0.574525,0.631455,0.639613
0.568536,0.625498,0.633822
0.568795,0.62756,0.63553
0.569766,0.627508,0.635488
0.57051,0.6283,0.63653
0.573353,0.631964,0.639902
0.560573,0.619558,0.627273
0.564718,0.623067,0.630662
0.710146,0.744105,0.754203
0.746241,0.777984,0.788765
0.70677,0.742054,0.752267
0.658737,0.698599,0.70807
0.631236,0.674009,0.68341
0.618432,0.663039,0.672257
0.606425,0.651835,0.660957
0.602618,0.649376,0.658442
0.738677,0.770048,0.780519
0.811414,0.833697,0.845683
0.738089,0.770479,0.780861
0.656993,0.695649,0.704948
0.629493,0.67211,0.681354
0.618099,0.663073,0.672191
0.606892,0.65311,0.662062
0.597156,0.643941,0.65296
0.702539,0.737833,0.747699
0.737807,0.769848,0.78039
0.700046,0.735992,0.745825
0.648585,0.688656,0.697852
0.620834,0.663742,0.672869
0.609403,0.65424,0.663328
0.61058,0.657049,0.666311
0.597399,0.645726,0.654474
0.654222,0.69363,0.703057
0.659012,0.697831,0.707192
0.647563,0.689244,0.698486
0.623834,0.666641,0.675724
0.607312,0.652999,0.661857
0.602055,0.648376,0.657279
0.59998,0.646416,0.65561
0.595642,0.643991,0.652765
0.617532,0.6604,0.669629
0.625039,0.668004,0.677359
0.6135,0.656948,0.666146
0.612365,0.656341,0.665514
0.604388,0.649542,0.658627
0.60264,0.649069,0.658118
0.606479,0.654341,0.663445
0.610123,0.657936,0.667157
0.600616,0.646757,0.655763
0.6097,0.654736,0.66393
0.60346,0.648616,0.657812
0.599545,0.646439,0.655348
0.600618,0.647919,0.656739
0.596862,0.645075,0.653957
0.589045,0.638255,0.646991
0.588032,0.637527,0.646136
0.592797,0.639945,0.648871
0.592929,0.640727,0.649459
0.590374,0.637734,0.646597
0.583837,0.632318,0.641166
0.588951,0.637243,0.646233
0.587666,0.637272,0.645968
0.587733,0.637679,0.646592
0.583613,0.633692,0.642577
0.579053,0.628,0.636742
0.583045,0.631215,0.640128
0.581329,0.631171,0.640023
0.583584,0.632784,0.641569
0.589126,0.63876,0.647798
0.590539,0.641615,0.650426
0.589576,0.639487,0.648361
0.578346,0.629859,0.638465
0.593549,0.642945,0.652159
0.58616,0.63645,0.645333
0.584942,0.635661,0.644527
0.582328,0.63444,0.643077
0.57979,0.630536,0.63935
0.591627,0.641835,0.65049
0.587255,0.639183,0.647817
0.585853,0.638534,0.64717
0.588154,0.639441,0.648468
0.591128,0.642744,0.651682
0.589408,0.640868,0.649658
0.583904,0.634656,0.643679
0.578087,0.629303,0.637966
0.586001,0.638841,0.647555
0.58718,0.639746,0.648385
0.575244,0.626004,0.634816
0.587745,0.638719,0.647731
0.576256,0.628768,0.637329
0.580787,0.632122,0.640978
0.587503,0.640348,0.649232
0.586199,0.637778,0.646519
0.583065,0.636645,0.645184
0.58319,0.636738,0.645538
0.583755,0.636513,0.645189
0.582743,0.633829,0.642637
0.580294,0.63288,0.641882
0.581225,0.633429,0.642087
0.574217,0.627673,0.636215
0.575542,0.628098,0.636847
0.584432,0.637773,0.646429
0.57586,0.628702,0.637119
0.589922,0.643526,0.652026
0.585129,0.638381,0.647248
0.587696,0.639907,0.648806
0.58551,0.637838,0.646586
0.58056,0.633097,0.641739
0.586517,0.639532,0.648305
0.583677,0.636799,0.645436
0.582085,0.635808,0.64448
0.571616,0.625466,0.633826
0.666075,0.704345,0.713944
0.705869,0.741118,0.751143
0.735585,0.767237,0.777615
0.706015,0.741613,0.751817
0.655264,0.695696,0.705088
0.626484,0.668828,0.678117
0.613715,0.657938,0.667174
0.617332,0.663222,0.672317
0.669953,0.707572,0.717204
0.735034,0.765943,0.776654
0.811245,0.833854,0.845978
0.732004,0.764292,0.774517
0.657696,0.696487,0.705792
0.625321,0.66847,0.67764
0.611589,0.657064,0.666143
0.60998,0.65638,0.665647
0.652342,0.691301,0.700609
0.700287,0.735316,0.745321
0.735077,0.767696,0.778212
0.692242,0.728042,0.737808
0.642126,0.682021,0.691372
0.62096,0.663797,0.673193
0.603121,0.648084,0.657114
0.607008,0.652556,0.661798
0.631134,0.672142,0.681492
0.643103,0.684181,0.693419
0.6522,0.691933,0.701246
0.640051,0.680168,0.689374
0.619529,0.662553,0.671496
0.607732,0.652968,0.661846
0.606584,0.652098,0.661277
0.601461,0.649299,0.65834
0.611191,0.654852,0.663922
0.61619,0.660454,0.669397
0.621361,0.664284,0.67335
0.617952,0.661695,0.67079
0.609408,0.654381,0.663336
0.598971,0.644714,0.653815
0.598357,0.645103,0.654123
0.606541,0.654278,0.663495
0.597052,0.642871,0.651858
0.606337,0.651613,0.660617
0.601661,0.647769,0.656904
0.600148,0.646639,0.655579
0.59781,0.644792,0.653598
0.599994,0.648132,0.657008
0.597652,0.645509,0.654393
0.594579,0.643582,0.652789
0.592024,0.640188,0.649215
0.591516,0.63925,0.648006
0.586677,0.63368,0.642585
0.590184,0.637442,0.646332
0.586741,0.635748,0.64446
0.591636,0.641029,0.649845
0.593865,0.643041,0.651915
0.579653,0.62984,0.63865
0.593185,0.642138,0.651093
0.584043,0.633361,0.642163
0.585577,0.636403,0.645297
0.587538,0.637701,0.646657
0.57991,0.629098,0.637944
0.585179,0.63623,0.644899
0.584455,0.634959,0.643882
0.578741,0.628512,0.637357
0.585585,0.63581,0.644811
0.587327,0.637101,0.646015
0.593857,0.643919,0.652832
0.587287,0.638187,0.647115
0.584316,0.635827,0.644512
0.591487,0.642327,0.651174
0.587056,0.638453,0.647266
0.579527,0.631032,0.639761
0.588203,0.639288,0.648173
0.590123,0.640589,0.649586
0.585289,0.636557,0.645388
0.581985,0.633999,0.642773
0.589628,0.640777,0.649784
0.5857,0.638248,0.646879
0.585842,0.638524,0.647163
0.589633,0.641778,0.650576
0.593861,0.64469,0.653484
0.577442,0.629425,0.638153
0.58024,0.631613,0.640465
0.580464,0.633139,0.641918
0.587799,0.640398,0.649212
0.587892,0.640192,0.648912
0.590931,0.643445,0.652334
0.573136,0.6256,0.63423
0.585945,0.639002,0.647541
0.585957,0.638963,0.647763
0.585189,0.637622,0.646412
0.587333,0.639726,0.648657
0.584982,0.637343,0.646123
0.579082,0.63166,0.640398
0.584298,0.63771,0.646405
0.577373,0.630055,0.638636
0.585929,0.63765,0.646473
0.584868,0.637872,0.646357
0.581044,0.633997,0.642578
0.586136,0.639314,0.648282
0.586968,0.639316,0.648147
0.576242,0.629533,0.638245
0.585464,0.638507,0.647413
0.5811,0.634514,0.64303
0.632698,0.673611,0.683001
0.663942,0.703311,0.712908
0.703611,0.739288,0.749241
0.736958,0.768722,0.779292
0.701551,0.737394,0.747309
0.654052,0.694112,0.703629
0.62931,0.672325,0.681737
0.617187,0.661844,0.67112
0.631817,0.673242,0.682504
0.65932,0.697288,0.7068
0.737205,0.769421,0.77999
0.813499,0.836356,0.848424
0.73428,0.766841,0.777317
0.663627,0.702828,0.712328
0.626025,0.66841,0.677692
0.616375,0.660407,0.669589
0.630257,0.672961,0.682258
0.643026,0.68321,0.69246
0.692938,0.728505,0.738324
0.734196,0.766593,0.777139
0.691367,0.727652,0.737306
0.643815,0.683829,0.693148
0.618628,0.661281,0.670495
0.607152,0.651065,0.660297
0.616588,0.66154,0.67043
0.625646,0.668039,0.677344
0.641576,0.682105,0.691401
0.650406,0.690438,0.699667
0.637428,0.678144,0.687359
0.621242,0.663674,0.672915
0.613925,0.657883,0.667054
0.602963,0.647991,0.657014
0.604478,0.649123,0.658114
0.610012,0.654125,0.663194
0.617354,0.660986,0.670126
0.619085,0.66277,0.671978
0.60793,0.651989,0.661062
0.603994,0.649374,0.658343
0.611849,0.657995,0.667109
0.605692,0.652129,0.661342
0.59768,0.644759,0.653772
0.602436,0.64856,0.65759
0.601608,0.648696,0.657499
0.604132,0.649866,0.658889
0.601354,0.647713,0.656648
0.593674,0.641856,0.650795
0.595979,0.643319,0.652162
0.598745,0.645895,0.654994
0.593818,0.641769,0.650716
0.597192,0.64497,0.65395
0.590431,0.638274,0.647259
0.587297,0.636458,0.645225
0.587118,0.636748,0.645427
0.586996,0.635821,0.644658
0.583208,0.632438,0.64137
0.586123,0.635463,0.644449
0.59534,0.64511,0.654156
0.580286,0.629945,0.63864
0.581288,0.631554,0.640391
0.58553,0.636316,0.645222
0.578991,0.628952,0.637773
0.588406,0.638046,0.64702
0.584751,0.6342,0.643292
0.589717,0.639635,0.64835
0.585177,0.635054,0.644078
0.5839,0.634932,0.643645
0.585767,0.635954,0.645061
0.586522,0.636434,0.645261
0.583182,0.634594,0.643289
0.595489,0.645086,0.654141
0.584696,0.634764,0.643711
0.58676,0.637108,0.645947
0.591926,0.643063,0.651873
0.587448,0.640209,0.648909
0.586158,0.637139,0.646035
0.585759,0.637046,0.645813
0.572138,0.623288,0.631946
0.587288,0.638943,0.647687
0.585093,0.637172,0.645895
0.587028,0.638666,0.647346
0.581,0.633271,0.641824
0.581609,0.633037,0.641836
0.586435,0.638015,0.646971
0.578259,0.630508,0.639324
0.579899,0.631805,0.640918
0.580252,0.632474,0.641315
0.5813,0.634504,0.643134
0.573812,0.626027,0.634569
0.592561,0.643374,0.652292
0.581261,0.635133,0.643733
0.585581,0.637952,0.646839
0.586609,0.639384,0.648303
0.581422,0.634187,0.642868
0.580396,0.632582,0.641252
0.583474,0.637192,0.645783
0.577258,0.629933,0.638426
0.581372,0.63381,0.642335
0.581524,0.633491,0.642134
0.587767,0.640459,0.64933
0.587844,0.640001,0.648797
0.593456,0.645543,0.654542
0.587895,0.640768,0.649528
0.58211,0.634715,0.643359
0.584133,0.636833,0.645398
0.61883,0.66242,0.671678
0.632616,0.674934,0.684266
0.652721,0.69267,0.702141
0.695617,0.730871,0.740644
0.735255,0.766853,0.777413
0.698773,0.734094,0.743975
0.654315,0.694252,0.703821
0.634526,0.676546,0.685966
0.622196,0.66699,0.676293
0.630462,0.672283,0.681528
0.657866,0.696787,0.706146
0.73329,0.765495,0.775821
0.810426,0.833051,0.845023
0.732916,0.764624,0.775068
0.659839,0.698731,0.708102
0.632404,0.674323,0.683501
0.607522,0.651379,0.660469
0.621937,0.665021,0.673984
0.649816,0.690532,0.70003
0.697098,0.733515,0.743342
0.733867,0.766214,0.776659
0.696286,0.731812,0.741616
0.649152,0.689379,0.698746
0.622675,0.664506,0.673637
0.611159,0.656921,0.665939
0.61499,0.659149,0.668391
0.622369,0.664715,0.673919
0.639358,0.679455,0.688723
0.652119,0.691896,0.701301
0.64635,0.687545,0.696865
0.622486,0.665274,0.674401
0.61136,0.655241,0.664331
0.598257,0.644008,0.65305
0.601379,0.646466,0.655518
0.607421,0.652169,0.661118
0.612911,0.65675,0.66577
0.617528,0.661,0.670007
0.615615,0.659513,0.668638
0.607843,0.652102,0.661329
0.599451,0.645311,0.654217
0.594102,0.641948,0.650904
0.596057,0.643323,0.6523
0.595092,0.642506,0.651311
0.602376,0.648672,0.657512
0.597162,0.644032,0.652872
0.592791,0.638895,0.647758
0.608567,0.656114,0.66513
0.604319,0.651233,0.660269
0.589994,0.638902,0.647761
0.593202,0.642589,0.6515
0.594498,0.643074,0.652155
0.5917,0.639411,0.648527
0.591837,0.640597,0.649714
0.590972,0.638876,0.647806
0.588815,0.637237,0.646331
0.590356,0.63861,0.647517
0.582418,0.633231,0.64201
0.583741,0.634693,0.643539
0.581455,0.630143,0.638915
0.584162,0.634594,0.643443
0.576012,0.625446,0.634152
0.583988,0.633657,0.642443
0.589256,0.638711,0.647539
0.587675,0.637662,0.646582
0.587026,0.63823,0.647182
0.59213,0.642299,0.651058
0.589578,0.639769,0.648783
0.581435,0.633175,0.641941
0.588253,0.639837,0.648462
0.585191,0.636345,0.645079
0.581707,0.632171,0.641081
0.5904,0.641015,0.650076
0.584655,0.63635,0.64511
0.584567,0.637458,0.646121
0.577253,0.629172,0.63789
0.584987,0.63717,0.645803
0.588593,0.639607,0.648472
0.577795,0.629476,0.638236
0.586816,0.638703,0.647535
0.584406,0.636536,0.645248
0.57995,0.632528,0.641274
0.585452,0.639199,0.647944
0.583718,0.635821,0.644595
0.581247,0.634199,0.643026
0.580473,0.63343,0.642074
0.583179,0.635081,0.643792
0.583515,0.635802,0.64451
0.583794,0.636959,0.645698
0.584339,0.636879,0.645582
0.58333,0.636958,0.645891
0.575799,0.629246,0.637839
0.581037,0.634336,0.643124
0.57931,0.632841,0.64147
0.578673,0.632448,0.640971
0.588793,0.642127,0.650788
0.583532,0.636623,0.645323
0.584974,0.63687,0.645771
0.580192,0.632555,0.641164
0.583968,0.636326,0.645139
0.588402,0.64158,0.650316
0.578288,0.631221,0.639907
0.581052,0.633558,0.64221
0.594483,0.647006,0.655621
0.581938,0.634934,0.643704
0.610533,0.656633,0.665665
0.610029,0.654071,0.663196
0.624282,0.667599,0.676701
0.648504,0.687673,0.697011
0.698133,0.733954,0.743672
0.737589,0.769264,0.779896
0.698632,0.733444,0.743076
0.667573,0.706786,0.716455
0.607865,0.65454,0.663387
0.614812,0.658977,0.668159
0.631307,0.673589,0.682982
0.662441,0.702262,0.711786
0.740372,0.77279,0.783467
0.811203,0.833919,0.84598
0.735917,0.767813,0.778297
0.66857,0.706896,0.716426
0.606681,0.653467,0.662435
0.606981,0.652776,0.661805
0.616248,0.659353,0.668513
0.645516,0.686185,0.695517
0.692179,0.728101,0.737879
0.727663,0.759741,0.769949
0.696356,0.731573,0.741355
0.651913,0.691381,0.70072
0.592549,0.639054,0.647939
0.605742,0.652026,0.661125
0.607988,0.652636,0.661661
0.621124,0.663876,0.673058
0.643423,0.683866,0.693257
0.650843,0.689945,0.69924
0.647116,0.687013,0.696457
0.632605,0.674579,0.683837
0.602336,0.650039,0.658928
0.597757,0.644486,0.653576
0.603573,0.649032,0.658246
0.605434,0.649713,0.658714
0.607436,0.651185,0.660208
0.621339,0.66511,0.674339
0.62277,0.665876,0.675014
0.610037,0.654863,0.663898
0.598299,0.647203,0.656182
0.596022,0.644589,0.653483
0.605562,0.652448,0.66159
0.595641,0.643011,0.651887
0.597956,0.64423,0.653078
0.602339,0.648315,0.657363
0.609589,0.655446,0.664606
0.599617,0.645828,0.654838
0.577447,0.627737,0.636569
0.590737,0.640525,0.649414
0.587881,0.637415,0.64628
0.585548,0.63547,0.644211
0.588697,0.635864,0.645033
0.586237,0.633829,0.642819
0.596807,0.6447,0.653758
0.594357,0.642242,0.651185
0.586551,0.637097,0.646032
0.587387,0.638027,0.646782
0.585265,0.636805,0.645684
0.58861,0.637805,0.646894
0.583822,0.633735,0.64257
0.585546,0.634955,0.643862
0.588488,0.637717,0.646467
0.583658,0.63341,0.64226
0.580019,0.631215,0.639867
0.584527,0.635764,0.644608
0.587974,0.638673,0.647584
0.583989,0.634846,0.643587
0.589476,0.640521,0.649359
0.586317,0.636203,0.64505
0.586559,0.635361,0.644512
0.578215,0.628687,0.637606
0.587691,0.639603,0.648257
0.58651,0.638432,0.647174
0.588446,0.640689,0.649437
0.576568,0.628866,0.637719
0.581222,0.632189,0.64109
0.589121,0.640647,0.64941
0.582531,0.633905,0.642739
0.593147,0.644187,0.653064
0.582757,0.635938,0.644623
0.584807,0.637052,0.645918
0.580886,0.633935,0.642606
0.582918,0.635564,0.644304
0.583898,0.636362,0.64518
0.583382,0.63596,0.644643
0.576014,0.627406,0.636413
0.588169,0.640382,0.649212
0.583843,0.635977,0.644924
0.581938,0.635224,0.643847
0.580114,0.633503,0.642293
0.584492,0.63686,0.645645
0.58638,0.638723,0.647501
0.578386,0.63117,0.639716
0.583213,0.63564,0.644331
0.583918,0.637165,0.645874
0.581746,0.633952,0.642549
0.589225,0.64166,0.650439
0.584596,0.637455,0.646278
0.588854,0.640397,0.649481
0.583656,0.636411,0.645053
0.585165,0.638484,0.647185
0.585147,0.637925,0.646514
0.582026,0.635241,0.644031
0.607251,0.65426,0.663328
0.613449,0.659148,0.668526
0.616155,0.661053,0.670265
0.624056,0.666667,0.676023
0.655692,0.69534,0.704596
0.703957,0.739475,0.749344
0.743883,0.775312,0.786007
0.709442,0.743839,0.753963
0.604034,0.651068,0.66032
0.605209,0.651588,0.660656
0.618573,0.662505,0.671757
0.634151,0.676557,0.685997
0.661828,0.700343,0.709686
0.737151,0.769167,0.779771
0.812224,0.834828,0.846838
0.736602,0.767713,0.778168
0.60127,0.648243,0.657356
0.6016,0.647932,0.657108
0.609889,0.654952,0.664083
0.613884,0.657818,0.666693
0.643643,0.682532,0.691749
0.690515,0.725846,0.735458
0.737228,0.769256,0.779772
0.699302,0.734625,0.744363
0.595467,0.643323,0.652357
0.593496,0.640595,0.649631
0.607927,0.653815,0.662984
0.619861,0.665578,0.674801
0.618869,0.660809,0.66999
0.645518,0.686068,0.695368
0.660844,0.700241,0.709585
0.651452,0.691895,0.701229
0.598944,0.647209,0.656516
0.596787,0.645919,0.654857
0.601686,0.648793,0.657633
0.602581,0.648001,0.656983
0.611182,0.655881,0.66497
0.615696,0.658866,0.668134
0.62201,0.665249,0.674391
0.624831,0.667537,0.676837
0.596642,0.645191,0.654313
0.595858,0.644076,0.652985
0.599937,0.646894,0.655958
0.590093,0.636687,0.645602
0.593933,0.639883,0.64867
0.599884,0.645238,0.65435
0.614374,0.660224,0.669453
0.608727,0.65332,0.662409
0.583175,0.633113,0.641856
0.589107,0.639139,0.648112
0.588241,0.638185,0.647059
0.58084,0.62915,0.638
0.588072,0.636612,0.645346
0.58973,0.636854,0.646074
0.585526,0.632423,0.641336
0.593256,0.640767,0.649561
0.571343,0.622019,0.630636
0.582467,0.632954,0.641657
0.58153,0.630517,0.639504
0.585381,0.63591,0.64463
0.580899,0.630937,0.639787
0.583906,0.633873,0.642707
0.592098,0.64142,0.650341
0.592182,0.64014,0.649158
0.586076,0.637896,0.64667
0.589696,0.641086,0.649835
0.584336,0.635242,0.644267
0.578514,0.629702,0.638167
0.584549,0.635407,0.644271
0.581889,0.6324,0.641272
0.581849,0.632438,0.641434
0.59896,0.649306,0.658226
0.582871,0.634748,0.643493
0.574599,0.627932,0.636689
0.583609,0.63528,0.644173
0.591195,0.641772,0.650654
0.587246,0.638415,0.647246
0.577582,0.628388,0.636943
0.587677,0.63764,0.646493
0.596096,0.64619,0.655385
0.582212,0.634656,0.643613
0.580986,0.633194,0.641897
0.582268,0.634869,0.643665
0.574485,0.626413,0.63508
0.580091,0.632337,0.640978
0.587091,0.639486,0.648384
0.579787,0.631644,0.640444
0.578261,0.629618,0.638552
0.579797,0.632759,0.641447
0.58239,0.634177,0.642765
0.58198,0.635068,0.643784
0.586013,0.639235,0.647974
0.580106,0.632231,0.640946
0.587786,0.63939,0.648251
0.579695,0.631329,0.640057
0.591897,0.64305,0.652278
0.58126,0.634705,0.643405
0.584768,0.637228,0.645974
0.583452,0.637056,0.645617
0.584673,0.638163,0.64679
0.584879,0.637234,0.646099
0.594518,0.647565,0.656447
0.578898,0.631997,0.640715
0.582731,0.633815,0.642708
0.605699,0.654628,0.663754
0.613401,0.660679,0.669933
0.61691,0.664568,0.673865
0.613248,0.659369,0.66846
0.63357,0.676584,0.685965
0.661085,0.701804,0.71137
0.711481,0.746931,0.757267
0.751656,0.784123,0.795078
0.597317,0.646417,0.655592
0.603951,0.652588,0.661609
0.610909,0.658077,0.667283
0.61505,0.660479,0.669765
0.631087,0.675021,0.684208
0.667013,0.707055,0.716762
0.742438,0.774795,0.785488
0.821457,0.844751,0.857196
0.603156,0.653322,0.662396
0.587832,0.636937,0.645839
0.598222,0.645865,0.654747
0.606719,0.652161,0.661119
0.625163,0.669914,0.679214
0.651198,0.692912,0.702153
0.700633,0.736612,0.74666
0.742658,0.775737,0.786439
0.602272,0.65216,0.66106
0.590709,0.641155,0.649967
0.596452,0.645125,0.654174
0.604663,0.652153,0.661344
0.61332,0.658685,0.66792
0.63337,0.677249,0.686686
0.650414,0.691134,0.700629
0.662844,0.70282,0.712471
0.589904,0.640134,0.649078
0.596775,0.647774,0.656748
0.596847,0.645859,0.654755
0.596671,0.644899,0.653958
0.602221,0.648565,0.657555
0.612916,0.659441,0.668394
0.614874,0.660419,0.669482
0.621885,0.666876,0.675979
0.597146,0.647916,0.656824
0.588973,0.640236,0.649124
0.596289,0.64684,0.655731
0.597502,0.647084,0.655789
0.594671,0.64296,0.651902
0.59631,0.643396,0.652298
0.599919,0.64741,0.656436
0.603009,0.649742,0.658722
0.576229,0.629984,0.638359
0.592104,0.644315,0.653145
0.587193,0.638502,0.647296
0.586455,0.636613,0.645411
0.586227,0.636762,0.645435
0.585285,0.634974,0.643869
0.587764,0.636387,0.64534
0.590142,0.639014,0.647817
0.5783,0.632483,0.640642
0.583298,0.635379,0.644167
0.586629,0.640178,0.648905
0.575523,0.628138,0.636742
0.579318,0.631506,0.640166
0.582534,0.633938,0.642566
0.577545,0.628978,0.637629
0.579182,0.630323,0.639147
0.583046,0.636929,0.645543
0.577569,0.631661,0.639983
0.575147,0.628908,0.637481
0.577871,0.630574,0.639048
0.579157,0.631535,0.640329
0.581044,0.633588,0.642286
0.586148,0.637765,0.646718
0.582763,0.634412,0.643233
0.576761,0.630601,0.639223
0.570444,0.624934,0.63313
0.576311,0.630126,0.638644
0.578224,0.632536,0.64106
0.583833,0.637951,0.646324
0.582577,0.63593,0.644475
0.581514,0.635401,0.644109
0.586902,0.638683,0.647708
0.576758,0.631704,0.640373
0.573397,0.628508,0.636984
0.576176,0.63149,0.639925
0.570515,0.626214,0.634615
0.584183,0.638908,0.647495
0.583809,0.637936,0.646784
0.570573,0.625976,0.634338
0.578021,0.631205,0.63994
0.5714,0.626591,0.635078
0.574065,0.629547,0.637954
0.564551,0.619435,0.627654
0.582658,0.636624,0.645237
0.580044,0.63487,0.643391
0.579729,0.635224,0.643685
0.575926,0.630336,0.638785
0.575426,0.630658,0.639206
0.580629,0.637259,0.645543
0.582834,0.638041,0.64656
0.587442,0.642392,0.651042
0.580786,0.634954,0.643635
0.57298,0.628916,0.637077
0.582023,0.636485,0.645143
0.575916,0.631026,0.639382
0.579113,0.633772,0.642411
0.677411,0.718201,0.728151
0.669167,0.711848,0.72161
0.644161,0.687974,0.697769
0.618946,0.666299,0.675609
0.621842,0.670616,0.679795
0.612558,0.662384,0.671574
0.603521,0.655201,0.664234
0.603701,0.654466,0.663414
0.758549,0.792832,0.80427
0.710185,0.747902,0.758289
0.65455,0.696677,0.706408
0.62703,0.673364,0.682899
0.613522,0.661954,0.671116
0.608656,0.660546,0.669653
0.599297,0.650449,0.659352
0.592295,0.643353,0.65222
0.826002,0.849803,0.862808
0.754797,0.789707,0.800937
0.663708,0.705203,0.714891
0.624984,0.671133,0.680494
0.613195,0.663657,0.672679
0.599627,0.649797,0.658712
0.603523,0.655054,0.664075
0.591124,0.643478,0.652221
0.749639,0.784244,0.795281
0.705925,0.743955,0.754283
0.64606,0.689852,0.699224
0.615793,0.663415,0.672711
0.599174,0.649772,0.658574
0.598637,0.649815,0.658635
0.588323,0.641355,0.650086
0.580753,0.633914,0.642405
0.664046,0.705649,0.715492
0.653039,0.696889,0.706317
0.629743,0.676396,0.685745
0.6132,0.661508,0.670717
0.598441,0.649384,0.658186
0.583488,0.635337,0.644044
0.58958,0.64197,0.650652
0.584217,0.638611,0.647205
0.616829,0.664347,0.6735
0.617009,0.66455,0.673822
0.597879,0.646632,0.655664
0.597213,0.647138,0.655966
0.591799,0.642441,0.651336
0.59163,0.645196,0.653852
0.580959,0.634845,0.643342
0.581726,0.636018,0.644192
0.598347,0.647864,0.656689
0.588941,0.638411,0.647208
0.594442,0.646134,0.655055
0.582234,0.634322,0.642953
0.58327,0.636688,0.645213
0.584625,0.638099,0.646458
0.585297,0.640285,0.648714
0.582103,0.637034,0.645529
0.585193,0.636477,0.645146
0.573332,0.625809,0.634164
0.575901,0.629313,0.63763
0.577647,0.631156,0.639698
0.582773,0.63664,0.645209
0.577988,0.63282,0.64139
0.570508,0.625188,0.633603
0.580552,0.638127,0.646309
0.576769,0.630725,0.639143
0.577047,0.631936,0.64025
0.567508,0.622892,0.630782
0.576129,0.630089,0.638672
0.567307,0.622426,0.63051
0.57305,0.62826,0.636618
0.573517,0.629973,0.638183
0.570453,0.627541,0.63554
0.573539,0.629724,0.637942
0.569431,0.62569,0.633786
0.568702,0.625752,0.6335
0.580349,0.637201,0.645249
0.571563,0.628562,0.636677
0.564838,0.623233,0.631099
0.572037,0.62883,0.636777
0.569202,0.627112,0.635035
0.564715,0.619217,0.627685
0.578204,0.634469,0.642834
0.569079,0.625127,0.63343
0.572893,0.629248,0.637559
0.562389,0.62168,0.629549
0.573025,0.630414,0.638639
0.562125,0.621227,0.628879
0.569702,0.627474,0.635684
0.577115,0.6345,0.642787
0.567384,0.624594,0.632615
0.568326,0.626201,0.634078
0.579775,0.636051,0.644449
0.571911,0.629567,0.637618
0.566959,0.625284,0.633297
0.575121,0.634436,0.642308
0.569232,0.628788,0.636563
0.57655,0.633416,0.641767
0.574743,0.632457,0.640489
0.573172,0.630909,0.639164
0.572206,0.629784,0.637881
0.575244,0.633648,0.641892
0.569639,0.628579,0.636742
0.566123,0.624424,0.632188
0.573301,0.631933,0.639935
0.66075,0.699102,0.708599
0.670243,0.708549,0.718075
0.658908,0.698918,0.708348
0.634834,0.675602,0.684893
0.624172,0.667745,0.677025
0.613561,0.658536,0.667578
0.608413,0.655067,0.664274
0.612238,0.659404,0.668847
0.696661,0.730732,0.7407
0.73988,0.771995,0.782609
0.699799,0.734819,0.744813
0.648701,0.688224,0.69762
0.625691,0.668936,0.678177
0.613398,0.657551,0.666646
0.60591,0.652482,0.661535
0.607068,0.654218,0.663278
0.740524,0.772628,0.783301
0.813174,0.835903,0.848016
0.732206,0.764461,0.774869
0.654751,0.693971,0.703153
0.625351,0.667931,0.677248
0.609816,0.655767,0.664702
0.602409,0.648281,0.657425
0.597428,0.644993,0.654113
0.693203,0.728345,0.738052
0.72883,0.760657,0.771057
0.695203,0.731383,0.741149
0.641141,0.680905,0.690201
0.618984,0.663129,0.672216
0.598066,0.644379,0.653385
0.602413,0.649666,0.658686
0.595669,0.643781,0.652816
0.645512,0.6857,0.694973
0.656599,0.696763,0.705913
0.643009,0.684148,0.693507
0.619488,0.661496,0.670608
0.608049,0.652056,0.661042
0.594468,0.641079,0.649903
0.600086,0.647388,0.656535
0.591067,0.639455,0.648464
0.610532,0.654576,0.663504
0.61659,0.659731,0.668884
0.613671,0.657577,0.66662
0.611749,0.657325,0.666514
0.59535,0.641954,0.650768
0.599501,0.646521,0.655635
0.593973,0.642785,0.651599
0.592295,0.641258,0.650033
0.5953,0.642067,0.650779
0.597048,0.643314,0.652311
0.592242,0.638348,0.647267
0.594862,0.64223,0.65102
0.595141,0.643232,0.652277
0.588765,0.637114,0.645841
0.587024,0.63584,0.644738
0.577648,0.627009,0.63567
0.579898,0.628014,0.636904
0.587526,0.636028,0.644791
0.583329,0.63323,0.641987
0.578272,0.627247,0.636171
0.589008,0.638025,0.64677
0.586579,0.636334,0.645278
0.581644,0.632758,0.641332
0.578717,0.629486,0.638269
0.585157,0.635506,0.644235
0.581725,0.63163,0.640397
0.578297,0.628103,0.636809
0.581721,0.631478,0.640205
0.582753,0.632801,0.641827
0.584175,0.634594,0.643506
0.580913,0.6321,0.640711
0.585958,0.636925,0.645693
0.584884,0.634955,0.643832
0.579439,0.630849,0.639558
0.581741,0.632246,0.640999
0.584546,0.636382,0.645125
0.580775,0.632189,0.640797
0.582419,0.633066,0.641936
0.583396,0.634491,0.643243
0.582644,0.634169,0.642924
0.577465,0.628599,0.637091
0.583251,0.63476,0.643483
0.575245,0.627748,0.636379
0.575868,0.627897,0.636517
0.580188,0.63149,0.640233
0.581969,0.633561,0.642506
0.586949,0.640351,0.649056
0.582276,0.635109,0.643943
0.581864,0.63351,0.642305
0.585526,0.637423,0.646426
0.576425,0.629392,0.638063
0.575611,0.628167,0.636745
0.58471,0.637331,0.64609
0.581905,0.634687,0.643443
0.581602,0.634226,0.643182
0.584514,0.637454,0.64627
0.584867,0.636416,0.645169
0.589164,0.641405,0.650086
0.581493,0.633268,0.642114
0.58101,0.633332,0.641805
0.589562,0.642212,0.651088
0.580196,0.632531,0.641228
0.58691,0.639876,0.648829
0.578901,0.631308,0.640007
0.646275,0.687391,0.696876
0.655612,0.694411,0.703848
0.662994,0.701083,0.710563
0.654392,0.694271,0.703772
0.633632,0.675593,0.684725
0.620218,0.663617,0.67282
0.619319,0.6645,0.673857
0.608501,0.654886,0.664064
0.658627,0.698381,0.707978
0.697984,0.73325,0.743125
0.734934,0.767068,0.777449
0.700891,0.737006,0.74692
0.64565,0.68497,0.694421
0.621066,0.663285,0.672665
0.612115,0.656722,0.666007
0.607424,0.653804,0.662834
0.6624,0.700736,0.710106
0.732143,0.764001,0.774445
0.812895,0.835987,0.848122
0.731453,0.76407,0.774488
0.653733,0.692897,0.702181
0.61825,0.660751,0.669848
0.608757,0.654217,0.663351
0.600311,0.646563,0.655685
0.647234,0.687481,0.696854
0.695619,0.731599,0.741485
0.726436,0.758777,0.768999
0.6876,0.72429,0.733745
0.640867,0.682685,0.691827
0.608957,0.65278,0.66187
0.599946,0.645021,0.653808
0.601898,0.649733,0.658727
0.626224,0.668383,0.677691
0.649114,0.690314,0.699746
0.650947,0.689795,0.699116
0.640664,0.682623,0.691864
0.619822,0.663219,0.672294
0.604346,0.649675,0.658588
0.599297,0.645817,0.654807
0.600814,0.647581,0.656602
0.60727,0.651477,0.66052
0.61363,0.657538,0.666534
0.605664,0.64961,0.658396
0.61163,0.656798,0.66574
0.601386,0.646995,0.6558
0.601468,0.648341,0.657325
0.594441,0.642133,0.651151
0.587303,0.635428,0.644171
0.597209,0.64399,0.652996
0.591652,0.638409,0.647215
0.591653,0.638418,0.647237
0.598451,0.645246,0.654263
0.597974,0.645425,0.654322
0.593013,0.640799,0.649702
0.592578,0.64203,0.65091
0.586257,0.635245,0.644142
0.57968,0.629208,0.637836
0.585031,0.635092,0.643876
0.591232,0.639253,0.648236
0.584038,0.633581,0.642195
0.583447,0.632665,0.641681
0.586326,0.636236,0.644958
0.595522,0.644766,0.653749
0.583388,0.633613,0.642329
0.584076,0.633525,0.642416
0.582372,0.631682,0.64055
0.589159,0.638457,0.647265
0.589823,0.640423,0.649052
0.58004,0.630246,0.639181
0.587952,0.637282,0.646201
0.588266,0.638145,0.647033
0.585749,0.636779,0.645584
0.578163,0.628091,0.636775
0.582035,0.633053,0.64183
0.586707,0.637272,0.646192
0.582134,0.633917,0.642678
0.584273,0.636559,0.645281
0.578373,0.630074,0.638716
0.581032,0.633232,0.641861
0.5768,0.628405,0.636997
0.585497,0.637332,0.646273
0.578606,0.631054,0.639644
0.577434,0.629905,0.638538
0.575315,0.626284,0.635141
0.58507,0.636826,0.645537
0.579999,0.632314,0.640833
0.581346,0.633452,0.642207
0.584611,0.637185,0.645909
0.596768,0.647375,0.656355
0.584741,0.63611,0.644965
0.578878,0.631597,0.640306
0.582126,0.634524,0.643223
0.57853,0.630616,0.639341
0.57853,0.630956,0.639733
0.581951,0.634342,0.642941
0.581082,0.634003,0.642731
0.582681,0.634248,0.643017
0.57815,0.630928,0.639355
0.583824,0.636143,0.64495
0.581096,0.633864,0.642615
0.581865,0.634801,0.643615
0.578611,0.631376,0.640005
0.583723,0.636354,0.64503
0.578929,0.631124,0.639842
0.6293,0.671624,0.680947
0.632153,0.673624,0.682901
0.654081,0.693698,0.703088
0.658535,0.697425,0.706761
0.653202,0.693673,0.703081
0.637714,0.67963,0.689029
0.622474,0.665314,0.674611
0.616449,0.660394,0.669709
0.629852,0.672142,0.681442
0.655048,0.694929,0.704464
0.697184,0.732884,0.742695
0.733945,0.766378,0.776791
0.694911,0.731257,0.740939
0.646671,0.686451,0.695633
0.618608,0.661283,0.670397
0.611184,0.655421,0.664472
0.621626,0.663877,0.67304
0.655077,0.693876,0.703231
0.730593,0.762723,0.773044
0.809644,0.832405,0.844435
0.733449,0.76623,0.776685
0.655283,0.694741,0.704172
0.616884,0.659773,0.669043
0.613891,0.659841,0.668957
0.61246,0.6567,0.665865
0.64113,0.681816,0.691159
0.696057,0.733046,0.742859
0.733528,0.766461,0.776974
0.688993,0.72532,0.73501
0.637667,0.678267,0.687402
0.610796,0.655814,0.664572
0.602885,0.649298,0.658338
0.606206,0.649878,0.658875
0.620775,0.664001,0.673126
0.644055,0.68552,0.69488
0.650761,0.690824,0.700056
0.633233,0.673634,0.682702
0.615993,0.660313,0.66919
0.612905,0.657508,0.666593
0.597844,0.644085,0.653161
0.606224,0.651825,0.661056
0.610124,0.655181,0.664042
0.606551,0.650249,0.659237
0.61387,0.658108,0.667205
0.611924,0.655668,0.664805
0.604568,0.650687,0.659732
0.599054,0.645881,0.654864
0.602793,0.649675,0.658895
0.590122,0.637564,0.646593
0.594272,0.641649,0.650607
0.597929,0.644376,0.653573
0.592704,0.639549,0.648563
0.586794,0.634166,0.64274
0.591346,0.639325,0.648182
0.589377,0.637096,0.645966
0.588222,0.637265,0.646064
0.588876,0.638496,0.647427
0.591486,0.640545,0.649277
0.58425,0.632934,0.641773
0.587646,0.636651,0.645618
0.580391,0.628198,0.636866
0.583819,0.633131,0.64158
0.586985,0.635598,0.644476
0.58387,0.633644,0.642525
0.594537,0.644152,0.653146
0.582983,0.632805,0.641567
0.582756,0.631735,0.640527
0.587937,0.63823,0.647128
0.584611,0.634961,0.643637
0.583318,0.633885,0.642553
0.583863,0.635305,0.644048
0.589813,0.641,0.649786
0.589042,0.640497,0.64934
0.586279,0.637556,0.646266
0.575811,0.626824,0.635378
0.580889,0.632038,0.640672
0.586408,0.637448,0.64617
0.581766,0.633016,0.641813
0.583374,0.634746,0.643553
0.586212,0.637166,0.646075
0.578911,0.630341,0.639269
0.580851,0.633098,0.641937
0.583337,0.635339,0.644083
0.576469,0.628979,0.637674
0.57738,0.630053,0.638648
0.58377,0.636403,0.645021
0.583769,0.635791,0.644384
0.58216,0.63436,0.643027
0.582621,0.635235,0.643821
0.582801,0.635912,0.644629
0.57875,0.631411,0.640072
0.578904,0.631668,0.640345
0.587231,0.640328,0.648906
0.585018,0.638054,0.646655
0.586297,0.637771,0.646505
0.584134,0.636699,0.645477
0.580779,0.633292,0.642002
0.58162,0.635165,0.643671
0.578603,0.630555,0.639154
0.580561,0.633846,0.642246
0.580184,0.633055,0.641913
0.581794,0.63494,0.64352
0.579319,0.631201,0.63982
0.590993,0.644257,0.652993
0.623558,0.667957,0.677227
0.622591,0.666617,0.675953
0.637508,0.679751,0.689115
0.644186,0.684048,0.69332
0.663715,0.702724,0.712215
0.652424,0.691674,0.701117
0.636241,0.67809,0.687364
0.631515,0.674821,0.684155
0.614058,0.658209,0.667461
0.625633,0.668416,0.677741
0.647578,0.687643,0.696995
0.69357,0.729438,0.739082
0.732785,0.765231,0.775606
0.69705,0.732385,0.742307
0.645478,0.685131,0.694309
0.626211,0.668801,0.678021
0.614068,0.658838,0.668016
0.623205,0.666869,0.676052
0.653601,0.693082,0.702392
0.73554,0.768567,0.778992
0.811941,0.835052,0.847128
0.730332,0.763075,0.773364
0.658754,0.698304,0.707609
0.627005,0.668869,0.67794
0.599334,0.64389,0.652784
0.609708,0.654129,0.663024
0.64052,0.681865,0.691168
0.691203,0.727815,0.737567
0.729591,0.762547,0.772768
0.692381,0.729346,0.738968
0.641215,0.68225,0.691488
0.61312,0.656468,0.665594
0.599151,0.646058,0.655025
0.605683,0.651068,0.659982
0.621271,0.664402,0.673439
0.634324,0.675991,0.685022
0.644417,0.684355,0.693581
0.636389,0.676343,0.685573
0.615773,0.65942,0.668434
0.610153,0.655101,0.664199
0.598469,0.645435,0.654341
0.602682,0.648756,0.657881
0.598144,0.643878,0.652709
0.61002,0.654279,0.663399
0.608775,0.65283,0.661799
0.605629,0.651141,0.659996
0.604631,0.649948,0.658976
0.601502,0.647836,0.656916
0.599668,0.647594,0.65655
0.592835,0.640702,0.649656
0.592877,0.640187,0.649064
0.595407,0.641607,0.650527
0.59293,0.640454,0.649133
0.588623,0.635408,0.644173
0.593127,0.640756,0.649845
0.595652,0.643371,0.65239
0.580754,0.6305,0.639192
0.594044,0.643065,0.651965
0.584581,0.63379,0.642522
0.58222,0.630802,0.639563
0.580657,0.629341,0.638208
0.586109,0.635141,0.643955
0.582574,0.63208,0.640715
0.593735,0.642519,0.651473
0.585997,0.636521,0.64546
0.587496,0.638391,0.647225
0.585807,0.636408,0.645214
0.590122,0.640012,0.64897
0.577155,0.627892,0.63667
0.587884,0.637923,0.646666
0.588891,0.638243,0.647194
0.588567,0.638981,0.647804
0.581217,0.633176,0.641771
0.585999,0.637552,0.646474
0.583625,0.634285,0.643119
0.584867,0.636443,0.645209
0.584688,0.636245,0.644897
0.583851,0.635258,0.644056
0.589272,0.640084,0.648987
0.583312,0.635354,0.644023
0.581043,0.632915,0.641737
0.587355,0.639515,0.648321
0.579883,0.632596,0.641242
0.581078,0.632493,0.641404
0.578113,0.63015,0.638876
0.58219,0.634637,0.643455
0.588977,0.641051,0.649876
0.585425,0.637269,0.64598
0.587791,0.639594,0.648429
0.583237,0.635939,0.644619
0.58552,0.63796,0.6467
0.576016,0.628758,0.637489
0.582491,0.635459,0.644217
0.580762,0.632656,0.641571
0.584257,0.636252,0.645036
0.583926,0.636062,0.644983
0.577979,0.630728,0.639358
0.586133,0.639027,0.647719
0.578315,0.631621,0.640328
0.582997,0.635694,0.644499
0.585411,0.638134,0.646854
0.579977,0.632378,0.641276
0.589771,0.641145,0.650296
0.589193,0.641595,0.650274
0.611734,0.657542,0.666507
0.61447,0.659692,0.668927
0.62484,0.66848,0.677875
0.630721,0.672417,0.681738
0.652618,0.692511,0.70181
0.659214,0.697054,0.706579
0.656518,0.695408,0.704877
0.642321,0.682854,0.692175
0.609158,0.654999,0.664166
0.60855,0.65362,0.662708
0.619997,0.66251,0.671622
0.648529,0.68863,0.698047
0.692966,0.72838,0.738119
0.72457,0.756277,0.766319
0.698783,0.734197,0.744093
0.658839,0.69872,0.708213
0.608801,0.654556,0.663754
0.610659,0.655978,0.665018
0.621312,0.664306,0.673419
0.658882,0.698852,0.708204
0.732335,0.765184,0.775552
0.812899,0.835911,0.84802
0.737167,0.769624,0.780105
0.660188,0.699062,0.708409
0.594786,0.642881,0.651647
0.606028,0.651778,0.660675
0.614197,0.658745,0.66782
0.637848,0.679388,0.688587
0.6908,0.72775,0.737543
0.729159,0.761524,0.771912
0.692275,0.728722,0.738324
0.647137,0.687734,0.697146
0.596432,0.643335,0.652386
0.595241,0.641687,0.650618
0.602855,0.647847,0.656739
0.614168,0.65842,0.667347
0.638361,0.678996,0.688204
0.651345,0.691166,0.700337
0.640954,0.681415,0.690718
0.6228,0.66565,0.674945
0.59478,0.644163,0.653138
0.594141,0.642487,0.651192
0.603368,0.648959,0.658204
0.599248,0.644247,0.653165
0.614229,0.659045,0.668055
0.608531,0.652071,0.661187
0.615351,0.659224,0.668446
0.609462,0.654544,0.66359
0.586353,0.635835,0.644654
0.588893,0.637966,0.646842
0.594555,0.642627,0.651596
0.581437,0.628697,0.637534
0.595767,0.642469,0.651353
0.599886,0.646438,0.655352
0.595639,0.642371,0.651241
0.600013,0.646525,0.655561
0.590562,0.641363,0.650277
0.592023,0.642133,0.65102
0.583722,0.633224,0.64196
0.582502,0.632174,0.64085
0.581744,0.629443,0.638373
0.585885,0.634273,0.643102
0.582509,0.631066,0.639864
0.59083,0.638548,0.647753
0.588906,0.640432,0.64917
0.590548,0.641433,0.65033
0.590472,0.641004,0.649723
0.584865,0.635011,0.643675
0.57763,0.627534,0.636152
0.587698,0.637427,0.646288
0.584961,0.634177,0.64303
0.585017,0.634851,0.643541
0.582637,0.634735,0.643367
0.589679,0.641313,0.65011
0.587859,0.638635,0.647296
0.587293,0.637699,0.646621
0.589357,0.639721,0.648539
0.579621,0.631258,0.639822
0.583684,0.634377,0.64317
0.589387,0.640894,0.649625
0.581636,0.63508,0.643613
0.578907,0.631337,0.640169
0.574905,0.625936,0.634716
0.578393,0.630407,0.639062
0.581718,0.633351,0.642167
0.583465,0.635421,0.644076
0.583714,0.634792,0.643535
0.578811,0.629887,0.638629
0.579731,0.631918,0.640681
0.578555,0.631184,0.640008
0.57693,0.629275,0.637966
0.581328,0.63259,0.64141
0.576438,0.629026,0.637799
0.584954,0.637022,0.645827
0.585197,0.636792,0.645521
0.589019,0.640326,0.649321
0.582746,0.636045,0.644685
0.581849,0.633996,0.642799
0.582604,0.634914,0.643758
0.57773,0.629945,0.638845
0.577682,0.630762,0.639282
0.588141,0.641042,0.649828
0.574667,0.627775,0.636341
0.588638,0.64173,0.650467
0.604863,0.651646,0.660925
0.608067,0.654097,0.663112
0.604409,0.649385,0.658355
0.618475,0.662109,0.671302
0.640038,0.68154,0.690951
0.653619,0.693345,0.702723
0.665171,0.703621,0.713049
0.664013,0.702752,0.712458
0.605231,0.651977,0.661034
0.61443,0.660275,0.669335
0.613475,0.657853,0.667159
0.620724,0.663834,0.672847
0.649341,0.688755,0.698049
0.69643,0.731435,0.741332
0.732753,0.764115,0.774457
0.69897,0.734125,0.743939
0.600604,0.647401,0.656382
0.602754,0.648422,0.657488
0.612022,0.657373,0.666526
0.620687,0.66352,0.67255
0.656751,0.695767,0.705132
0.729917,0.761741,0.772032
0.810672,0.83316,0.845237
0.734186,0.766171,0.776513
0.589914,0.637152,0.646221
0.60002,0.647427,0.656482
0.596949,0.642919,0.65171
0.614512,0.65953,0.668548
0.632697,0.673211,0.682314
0.69207,0.728666,0.738335
0.733862,0.766698,0.777072
0.694506,0.729916,0.739743
0.601307,0.648877,0.657914
0.597548,0.644532,0.653493
0.60136,0.648515,0.657516
0.60681,0.652174,0.661023
0.61597,0.658303,0.667381
0.641373,0.682503,0.691734
0.654148,0.693747,0.703039
0.639192,0.6791,0.688276
0.595617,0.643894,0.652936
0.593951,0.642334,0.651309
0.602312,0.650081,0.659319
0.600262,0.646721,0.65579
0.609146,0.654314,0.663344
0.60783,0.651637,0.660615
0.614337,0.657311,0.666432
0.616479,0.660308,0.669494
0.591252,0.640834,0.649696
0.590635,0.639864,0.648711
0.595845,0.644817,0.653783
0.594593,0.64234,0.65146
0.595005,0.641367,0.650221
0.595184,0.6422,0.650957
0.591222,0.637066,0.645937
0.599088,0.644541,0.653712
0.584349,0.634688,0.643463
0.579383,0.629753,0.638557
0.582072,0.631365,0.640109
0.586701,0.635662,0.64446
0.585103,0.633312,0.641969
0.594955,0.643973,0.653106
0.58391,0.631843,0.640701
0.581901,0.629821,0.638653
0.588456,0.639741,0.648604
0.585968,0.636743,0.645593
0.591255,0.64072,0.649702
0.583672,0.63321,0.642009
0.582498,0.632083,0.640834
0.582098,0.631649,0.640482
0.590587,0.640289,0.649306
0.587711,0.637679,0.646554
0.581566,0.633173,0.641751
0.588578,0.640399,0.649032
0.586012,0.637207,0.64603
0.586615,0.636531,0.645518
0.584719,0.636257,0.644996
0.591702,0.642134,0.651089
0.582081,0.631891,0.640692
0.591215,0.641434,0.650341
0.584147,0.636604,0.645319
0.582439,0.635547,0.644228
0.581683,0.634004,0.642555
0.575436,0.627282,0.635898
0.579464,0.631365,0.640039
0.580034,0.631113,0.639979
0.582253,0.633185,0.641856
0.579206,0.6305,0.639141
0.577811,0.630378,0.63891
0.577501,0.629641,0.638239
0.584568,0.63662,0.64542
0.585419,0.636596,0.645488
0.579899,0.633412,0.641961
0.584403,0.636513,0.645294
0.585305,0.636977,0.645823
0.580211,0.631702,0.640522
0.579374,0.632971,0.641524
0.587742,0.64001,0.648628
0.585679,0.638711,0.647437
0.579247,0.630866,0.639606
0.589688,0.641521,0.650486
0.583028,0.635537,0.6442
0.585376,0.637459,0.64609
0.581494,0.633218,0.642162
0.60589,0.655708,0.664449
0.606161,0.654859,0.663859
0.607592,0.654982,0.664258
0.611396,0.657715,0.66687
0.626775,0.670726,0.680088
0.641637,0.683658,0.693224
0.661683,0.702302,0.711737
0.669312,0.707629,0.717419
0.60213,0.651347,0.66041
0.609001,0.657752,0.666914
0.606552,0.653951,0.663171
0.619412,0.665033,0.674399
0.630179,0.674303,0.683612
0.654894,0.695757,0.705178
0.704823,0.740825,0.750881
0.742342,0.77493,0.785518
0.599754,0.648734,0.657776
0.597873,0.647009,0.656252
0.605693,0.654563,0.663486
0.615994,0.661504,0.670678
0.629117,0.673307,0.68248
0.663835,0.704191,0.713831
0.740101,0.773278,0.783901
0.815213,0.838347,0.850614
0.590485,0.641162,0.649963
0.598105,0.647585,0.656558
0.596613,0.646441,0.655192
0.60986,0.657443,0.666642
0.613141,0.657887,0.666931
0.643905,0.685948,0.695261
0.695478,0.73216,0.742069
0.737197,0.770206,0.780888
0.596474,0.646415,0.655296
0.591834,0.6427,0.651411
0.593504,0.640957,0.649926
0.594224,0.642367,0.65128
0.60693,0.652745,0.661953
0.618316,0.663047,0.672066
0.644627,0.685633,0.694896
0.654447,0.695005,0.704341
0.59302,0.643384,0.652376
0.585189,0.635615,0.644484
0.595129,0.646042,0.654812
0.594701,0.643801,0.652807
0.596292,0.64326,0.652313
0.594887,0.642032,0.650785
0.607487,0.653155,0.661935
0.618659,0.663531,0.6727
0.582792,0.63484,0.643473
0.57789,0.628905,0.637583
0.588829,0.639801,0.648423
0.601944,0.65299,0.66187
0.594696,0.643648,0.652633
0.588772,0.637774,0.64668
0.59028,0.638926,0.647673
0.588457,0.636154,0.645057
0.577529,0.630812,0.639215
0.582345,0.635071,0.643807
0.587672,0.639443,0.648152
0.581586,0.63278,0.641535
0.581722,0.633677,0.642416
0.581422,0.6334,0.642101
0.579589,0.630079,0.638665
0.589144,0.638281,0.647163
0.578953,0.632732,0.641334
0.574583,0.627024,0.63563
0.584277,0.636917,0.645486
0.58364,0.636305,0.645095
0.590604,0.643487,0.652243
0.581537,0.632388,0.641099
0.590062,0.641411,0.650246
0.589563,0.63951,0.648205
0.577828,0.632201,0.641055
0.573699,0.627689,0.63617
0.578236,0.632704,0.64099
0.57475,0.62964,0.638152
0.581516,0.634355,0.6432
0.577967,0.630691,0.639307
0.573289,0.625957,0.63426
0.578147,0.629889,0.638463
0.580544,0.635744,0.644204
0.574864,0.630075,0.638436
0.578501,0.632047,0.640637
0.57567,0.629892,0.638406
0.57118,0.624817,0.633102
0.58218,0.635819,0.644436
0.5816,0.635453,0.644076
0.580355,0.632155,0.640885
0.578981,0.634632,0.643054
0.579861,0.634988,0.643737
0.578729,0.635098,0.643457
0.575423,0.630514,0.638827
0.579284,0.632252,0.640944
0.580068,0.63382,0.642401
0.58071,0.634351,0.643122
0.581057,0.635305,0.643938
0.576044,0.631276,0.639646
0.578679,0.633852,0.64222
0.583167,0.637757,0.646493
0.577159,0.632211,0.640776
0.585921,0.640269,0.648714
0.577045,0.632539,0.641017
0.57953,0.633137,0.641811
0.584678,0.639354,0.647958
0.636119,0.681029,0.690529
0.630244,0.675459,0.684819
0.61818,0.665281,0.674504
0.612615,0.661029,0.670221
0.602869,0.651878,0.660898
0.605114,0.655481,0.664554
0.59387,0.646819,0.655419
0.60266,0.655146,0.664037
0.668036,0.709565,0.71945
0.658776,0.701949,0.711801
0.629884,0.674944,0.684362
0.609724,0.658276,0.66724
0.607949,0.657471,0.666566
0.596194,0.647338,0.656086
0.592308,0.64479,0.653417
0.599426,0.652128,0.661089
0.748328,0.782376,0.793501
0.707359,0.745725,0.756069
0.654035,0.696972,0.70647
0.619477,0.667542,0.676416
0.609143,0.657953,0.66707
0.594418,0.645189,0.653973
0.599087,0.650391,0.659443
0.588389,0.641481,0.650196
0.828508,0.85247,0.865554
0.748989,0.783876,0.794873
0.660731,0.702935,0.712562
0.622369,0.669715,0.678808
0.601155,0.651098,0.65994
0.599171,0.649735,0.658589
0.586282,0.638433,0.647139
0.579539,0.633754,0.642245
0.749097,0.783499,0.79472
0.706584,0.745778,0.755987
0.650672,0.694584,0.704024
0.615582,0.663363,0.672394
0.591228,0.641257,0.649985
0.593627,0.646063,0.654784
0.587033,0.640093,0.648931
0.584273,0.637411,0.646191
0.662956,0.70581,0.715442
0.646857,0.69107,0.700495
0.62,0.666602,0.67574
0.601678,0.651797,0.660373
0.592361,0.642368,0.651349
0.587492,0.640757,0.649115
0.582227,0.635587,0.644168
0.588043,0.641442,0.649839
0.614134,0.661495,0.670669
0.603046,0.650837,0.65952
0.596924,0.645453,0.654402
0.586612,0.638038,0.646557
0.588588,0.640255,0.64897
0.595012,0.648289,0.657047
0.588877,0.642511,0.651052
0.578021,0.633909,0.641933
0.585108,0.636675,0.645166
0.588365,0.63925,0.648059
0.576668,0.628437,0.636938
0.578385,0.631527,0.639648
0.584107,0.637375,0.646064
0.57275,0.627552,0.635766
0.571935,0.627702,0.635956
0.579729,0.634862,0.643239
0.575188,0.627031,0.635803
0.5816,0.632499,0.641557
0.572263,0.625604,0.634081
0.582089,0.635737,0.644291
0.577695,0.633026,0.641365
0.578351,0.633076,0.641768
0.572191,0.628331,0.636682
0.579449,0.635073,0.643463
0.578999,0.633123,0.641683
0.569461,0.624073,0.632444
0.57408,0.628465,0.637048
0.572332,0.627556,0.635729
0.575048,0.630572,0.639034
0.578269,0.635173,0.643263
0.57198,0.629527,0.63757
0.570193,0.627144,0.635126
0.579763,0.634889,0.643469
0.568153,0.623811,0.632011
0.561607,0.617468,0.625468
0.578713,0.635753,0.64391
0.578322,0.635251,0.64356
0.564485,0.62184,0.629948
0.564125,0.621351,0.629304
0.567362,0.625992,0.633805
0.572165,0.628205,0.636344
0.567975,0.624055,0.632399
0.570312,0.626522,0.634783
0.57611,0.632784,0.641021
0.567549,0.624492,0.632604
0.565691,0.622419,0.63062
0.568389,0.625488,0.633558
0.574927,0.632376,0.640593
0.581537,0.637966,0.646366
0.575405,0.632465,0.640671
0.578352,0.636455,0.644668
0.563049,0.621541,0.629226
0.583367,0.639896,0.648365
0.576428,0.635178,0.64337
0.566521,0.625176,0.63291
0.576572,0.634286,0.642505
0.632626,0.674888,0.684051
0.629218,0.67099,0.680227
0.621749,0.663982,0.673006
0.621119,0.665015,0.674158
0.617688,0.66206,0.671304
0.612705,0.658363,0.667703
0.607498,0.654449,0.663605
0.598296,0.645544,0.6545
0.652274,0.692027,0.701388
0.661248,0.699655,0.709161
0.648483,0.688406,0.697699
0.630101,0.672127,0.68128
0.616374,0.660365,0.669742
0.605414,0.650975,0.660123
0.601495,0.648563,0.657555
0.593055,0.640485,0.649428
0.698647,0.734246,0.744213
0.731823,0.764047,0.774357
0.694377,0.729886,0.739749
0.63874,0.678595,0.687672
0.620315,0.664129,0.673335
0.603848,0.649509,0.658492
0.606812,0.653068,0.662298
0.593469,0.641552,0.650776
0.735491,0.768158,0.778559
0.812493,0.835417,0.847512
0.728947,0.761328,0.771609
0.647153,0.686873,0.696031
0.614499,0.657294,0.666374
0.596761,0.642525,0.651516
0.59274,0.640169,0.64908
0.598666,0.647958,0.656988
0.689858,0.725484,0.735067
0.732261,0.764876,0.775277
0.695108,0.732059,0.74201
0.636526,0.678165,0.687228
0.613271,0.657343,0.666238
0.600866,0.647414,0.656283
0.59405,0.64136,0.650285
0.596327,0.64457,0.653689
0.639767,0.680141,0.689457
0.653006,0.692426,0.701692
0.636294,0.677212,0.686335
0.610655,0.653946,0.662876
0.601056,0.647108,0.656198
0.591172,0.63851,0.647281
0.589627,0.637896,0.646832
0.590092,0.639929,0.648817
0.604797,0.648675,0.657682
0.610902,0.654024,0.66315
0.600818,0.644916,0.653803
0.595949,0.64205,0.650838
0.594111,0.640516,0.649645
0.589209,0.636768,0.645704
0.588148,0.637065,0.64591
0.59227,0.640498,0.649531
0.591339,0.638779,0.647563
0.593372,0.63944,0.648356
0.585433,0.630996,0.63991
0.584945,0.632416,0.641132
0.584288,0.632155,0.640883
0.582375,0.632788,0.641388
0.577287,0.626436,0.635167
0.590439,0.640561,0.649311
0.584676,0.633037,0.6418
0.592765,0.640566,0.649586
0.58986,0.636804,0.645708
0.587922,0.63696,0.645767
0.579494,0.628896,0.637516
0.590337,0.640408,0.649346
0.590499,0.640886,0.649809
0.593991,0.645138,0.653969
0.589309,0.63791,0.646818
0.586672,0.637839,0.646478
0.579175,0.629312,0.638193
0.583232,0.633871,0.642658
0.574575,0.625336,0.63406
0.583194,0.634613,0.643316
0.577298,0.627691,0.636463
0.582521,0.633877,0.642588
0.591418,0.641031,0.650041
0.583923,0.634863,0.643545
0.578231,0.629867,0.638553
0.575845,0.626548,0.635311
0.584424,0.636335,0.645172
0.583231,0.634144,0.642724
0.58889,0.640193,0.648977
0.576671,0.629968,0.638289
0.586008,0.636861,0.645842
0.582734,0.634034,0.642801
0.578834,0.630215,0.638959
0.581331,0.633265,0.642091
0.579978,0.632028,0.640552
0.584852,0.63691,0.645768
0.578433,0.631136,0.639924
0.57845,0.631228,0.63967
0.586547,0.638218,0.647044
0.579148,0.630107,0.63897
0.581805,0.633251,0.642057
0.582893,0.634334,0.643134
0.583938,0.63624,0.644903
0.586335,0.638252,0.647116
0.586587,0.638911,0.647605
0.582679,0.635823,0.644479
0.612753,0.655113,0.664146
0.630209,0.673452,0.682766
0.624012,0.665514,0.674772
0.623213,0.667515,0.676572
0.616699,0.661381,0.670509
0.609341,0.654347,0.663435
0.609444,0.655206,0.664373
0.604572,0.650823,0.659973
0.635672,0.678044,0.687321
0.648705,0.688717,0.6981
0.652506,0.691757,0.700953
0.64314,0.683234,0.692365
0.621929,0.664156,0.67322
0.60838,0.652518,0.661484
0.602828,0.648917,0.658005
0.605635,0.652338,0.661492
0.64705,0.687388,0.69657
0.698002,0.734132,0.74417
0.730844,0.76313,0.773445
0.688871,0.724929,0.73458
0.640126,0.68018,0.689542
0.618333,0.662173,0.671349
0.605535,0.65285,0.661768
0.598308,0.645124,0.654181
0.655227,0.694477,0.703886
0.732569,0.765002,0.775389
0.809582,0.832349,0.844351
0.732179,0.764854,0.775269
0.650068,0.689926,0.699255
0.615495,0.659535,0.668509
0.597177,0.643118,0.652048
0.592147,0.640012,0.648959
0.645593,0.686297,0.695587
0.693566,0.729683,0.739428
0.730466,0.763341,0.773771
0.690719,0.727948,0.737525
0.635917,0.676787,0.685888
0.607069,0.651338,0.660232
0.604689,0.650623,0.659737
0.598168,0.646171,0.655026
0.62368,0.667181,0.676049
0.640469,0.681905,0.691039
0.647301,0.687708,0.696957
0.634242,0.675347,0.684523
0.613411,0.656248,0.665279
0.600933,0.646381,0.655323
0.589941,0.637797,0.646526
0.592724,0.640483,0.64917
0.60168,0.646076,0.655079
0.607151,0.651414,0.66036
0.610064,0.653828,0.662924
0.607797,0.652189,0.661227
0.589829,0.636537,0.64496
0.592478,0.639705,0.648364
0.59377,0.642116,0.651125
0.595467,0.644198,0.653022
0.585357,0.631454,0.64025
0.600001,0.647619,0.656459
0.591857,0.638444,0.647235
0.5896,0.636621,0.645356
0.58618,0.634703,0.643573
0.591784,0.640603,0.649483
0.587034,0.636408,0.645225
0.590853,0.640115,0.649091
0.589646,0.638568,0.647435
0.593347,0.641598,0.650469
0.580782,0.629684,0.638255
0.581829,0.630797,0.639591
0.583339,0.632764,0.641659
0.589617,0.639574,0.648161
0.585105,0.635324,0.644118
0.581985,0.632265,0.640952
0.58,0.629442,0.638242
0.583978,0.634155,0.642948
0.584595,0.63414,0.642805
0.586936,0.636378,0.645284
0.578774,0.629277,0.63818
0.586694,0.638325,0.647098
0.583477,0.634456,0.643123
0.577314,0.628415,0.637141
0.578322,0.630054,0.638597
0.584446,0.634285,0.643266
0.581528,0.632742,0.641499
0.584839,0.635679,0.644571
0.582342,0.633407,0.642304
0.583713,0.635365,0.644186
0.578492,0.631042,0.6396
0.579534,0.632218,0.640672
0.586,0.636981,0.645863
0.585675,0.637377,0.646197
0.584953,0.636266,0.645127
0.586735,0.6385,0.647282
0.581257,0.632638,0.641262
0.58243,0.634461,0.643236
0.58008,0.632178,0.640866
0.582678,0.634952,0.643915
0.584853,0.636366,0.645163
0.582561,0.633534,0.642219
0.5893,0.640807,0.649677
0.582587,0.633434,0.642143
0.584471,0.635467,0.644388
0.584727,0.636053,0.644867
0.59074,0.642728,0.651539
0.58195,0.634162,0.642885
0.622102,0.666233,0.675561
0.621802,0.665145,0.674387
0.622262,0.665812,0.674801
0.62007,0.663095,0.672264
0.619338,0.661925,0.671075
0.615165,0.659392,0.668569
0.61487,0.660112,0.669228
0.607435,0.652927,0.662122
0.617225,0.661057,0.670223
0.627696,0.670035,0.679291
0.64355,0.683782,0.693012
0.65643,0.695985,0.705364
0.646422,0.687016,0.696406
0.621663,0.664462,0.673576
0.609414,0.653851,0.662941
0.609387,0.654931,0.66407
0.619763,0.663382,0.672471
0.644067,0.684054,0.693348
0.689206,0.725212,0.734926
0.734853,0.768101,0.778455
0.693086,0.729856,0.73952
0.642098,0.68282,0.692002
0.614554,0.657393,0.666478
0.606067,0.65168,0.660715
0.615325,0.65746,0.66649
0.650998,0.691235,0.700415
0.725211,0.757182,0.76752
0.814461,0.837921,0.850091
0.730937,0.764224,0.774568
0.64875,0.689075,0.698181
0.608375,0.65212,0.660918
0.601267,0.647455,0.656516
0.61611,0.659961,0.66908
0.63716,0.677681,0.686781
0.69237,0.729251,0.739052
0.727487,0.759917,0.770269
0.691533,0.728261,0.738129
0.631162,0.671806,0.680851
0.611385,0.656228,0.665051
0.602329,0.647921,0.656829
0.60296,0.648411,0.657314
0.616275,0.659499,0.668468
0.635055,0.676237,0.68545
0.641168,0.681542,0.690571
0.634735,0.67639,0.685462
0.612153,0.655935,0.664928
0.600668,0.645884,0.654752
0.592341,0.639181,0.647947
0.597278,0.643528,0.652642
0.598806,0.644451,0.653347
0.605529,0.650505,0.659392
0.606807,0.651215,0.660164
0.604924,0.650535,0.659374
0.603233,0.649208,0.658242
0.594338,0.641159,0.65018
0.59686,0.645162,0.654053
0.588962,0.63696,0.645623
0.591115,0.638156,0.647024
0.592009,0.639068,0.647886
0.594283,0.642076,0.650897
0.581579,0.628046,0.6368
0.593296,0.640897,0.649876
0.584487,0.633115,0.641942
0.584884,0.633709,0.642367
0.585357,0.634411,0.643161
0.588816,0.636925,0.645793
0.580269,0.62912,0.63781
0.580919,0.629968,0.638673
0.587509,0.637204,0.645957
0.585286,0.63429,0.643103
0.578417,0.627838,0.63644
0.588233,0.638362,0.647269
0.581196,0.631059,0.639954
0.583584,0.633141,0.642041
0.586253,0.636776,0.645639
0.582273,0.633285,0.641889
0.586883,0.63631,0.645057
0.585541,0.636147,0.644991
0.582629,0.633008,0.641696
0.587619,0.639061,0.647856
0.579505,0.630886,0.639604
0.585356,0.636554,0.645426
0.580635,0.631525,0.640221
0.580718,0.631965,0.640659
0.577449,0.628928,0.637412
0.587525,0.638897,0.647713
0.574497,0.625836,0.634473
0.580687,0.633085,0.64186
0.583729,0.635584,0.64445
0.582105,0.63429,0.642868
0.584429,0.636041,0.644637
0.579094,0.630756,0.639506
0.587578,0.640219,0.648834
0.5766,0.629346,0.63803
0.579756,0.631206,0.639823
0.585827,0.637818,0.646571
0.591385,0.642498,0.651545
0.585862,0.638014,0.64667
0.584712,0.636695,0.64546
0.581468,0.633366,0.642181
0.585321,0.636975,0.645781
0.587183,0.6392,0.647888
0.588487,0.640414,0.649208
0.585145,0.637924,0.64671
0.605958,0.651546,0.660668
0.61318,0.659075,0.668255
0.614692,0.659061,0.668104
0.621484,0.665154,0.674328
0.621546,0.664386,0.673469
0.624507,0.667591,0.676945
0.617214,0.661535,0.670709
0.607406,0.651685,0.660879
0.613863,0.659307,0.668572
0.611306,0.656349,0.665439
0.625095,0.667432,0.676661
0.648538,0.689373,0.698726
0.655308,0.695633,0.704743
0.648242,0.688635,0.697958
0.628842,0.670448,0.67984
0.615645,0.659886,0.668918
0.60333,0.648324,0.657277
0.614553,0.658142,0.667086
0.637898,0.678349,0.687604
0.689954,0.72622,0.735875
0.730126,0.762943,0.773272
0.689731,0.725596,0.735319
0.64136,0.681977,0.691026
0.619401,0.662766,0.671873
0.594029,0.639501,0.648277
0.612797,0.655906,0.66488
0.648113,0.688139,0.697273
0.730077,0.763194,0.773479
0.810982,0.833895,0.846129
0.733101,0.766398,0.776822
0.655559,0.695531,0.705075
0.618635,0.662006,0.671031
0.600058,0.64635,0.655152
0.611839,0.65615,0.665299
0.635116,0.675934,0.685115
0.688963,0.725534,0.735271
0.728777,0.76146,0.77179
0.69175,0.728171,0.73797
0.637119,0.678305,0.687345
0.611018,0.655001,0.664019
0.592298,0.639454,0.648288
0.600864,0.646336,0.655348
0.615149,0.659004,0.668011
0.634861,0.676492,0.685575
0.64462,0.685651,0.694779
0.633212,0.675491,0.684404
0.615591,0.659229,0.668391
0.602783,0.647445,0.656425
0.590767,0.638227,0.646974
0.592853,0.639532,0.64837
0.60167,0.647105,0.656037
0.599336,0.643834,0.652564
0.605835,0.649386,0.65844
0.607122,0.651422,0.660346
0.596303,0.641978,0.650757
0.585833,0.632343,0.641251
0.583715,0.632018,0.64087
0.589203,0.637207,0.646122
0.582219,0.630179,0.638874
0.586512,0.63387,0.64259
0.589143,0.635826,0.644753
0.584593,0.632413,0.641115
0.588089,0.636154,0.644965
0.590534,0.638943,0.647874
0.58859,0.638119,0.647069
0.588684,0.637773,0.646428
0.585281,0.634731,0.643469
0.585817,0.635174,0.644029
0.589067,0.638071,0.647029
0.589681,0.638745,0.647609
0.584616,0.632936,0.641779
0.588265,0.637077,0.646039
0.576374,0.627708,0.63635
0.593201,0.643859,0.652773
0.583438,0.634854,0.643375
0.581359,0.632179,0.640954
0.579253,0.629828,0.63878
0.585794,0.635639,0.644468
0.586556,0.636997,0.64576
0.578945,0.630163,0.638866
0.586328,0.637511,0.646192
0.588642,0.640872,0.649659
0.583875,0.635386,0.644252
0.581483,0.633052,0.641812
0.580134,0.632704,0.641252
0.581415,0.632888,0.641732
0.586093,0.637713,0.64644
0.578271,0.628769,0.637509
0.579584,0.632091,0.640683
0.588676,0.640373,0.649074
0.578706,0.631855,0.640571
0.5821,0.633047,0.64184
0.58177,0.632751,0.641269
0.58004,0.632302,0.641248
0.586542,0.638313,0.646978
0.584053,0.636774,0.645414
0.581934,0.634843,0.64342
0.58189,0.63418,0.642911
0.584293,0.636317,0.645093
0.578647,0.630807,0.639395
0.57671,0.628159,0.636735
0.585886,0.637054,0.645995
0.582825,0.633717,0.642497
0.586948,0.638748,0.647464
0.604326,0.651249,0.660227
0.607618,0.653835,0.662984
0.607591,0.652453,0.661611
0.616212,0.660273,0.669375
0.626234,0.669406,0.678597
0.626674,0.669065,0.678355
0.628658,0.671006,0.680368
0.627185,0.670102,0.679305
0.608999,0.655055,0.664417
0.610504,0.656919,0.666055
0.616523,0.66172,0.67088
0.626921,0.669928,0.679279
0.642273,0.683042,0.692386
0.656339,0.696001,0.705295
0.648015,0.688144,0.69756
0.63161,0.673034,0.68231
0.6036,0.65056,0.65967
0.605857,0.651377,0.660287
0.61755,0.661436,0.670622
0.638572,0.679613,0.688688
0.692985,0.728951,0.738776
0.72873,0.761036,0.771188
0.690297,0.72599,0.735582
0.646474,0.686667,0.696067
0.596468,0.643449,0.65254
0.597034,0.643109,0.651996
0.610149,0.65399,0.662848
0.646845,0.686903,0.696124
0.728919,0.761564,0.771896
0.813312,0.836799,0.848891
0.726419,0.758655,0.768803
0.657498,0.697039,0.706334
0.593785,0.641292,0.65022
0.598864,0.644807,0.653798
0.610604,0.654092,0.663185
0.635829,0.677295,0.686353
0.68873,0.725166,0.734788
0.731672,0.764862,0.775251
0.688893,0.725477,0.735125
0.641247,0.681166,0.690342
0.591256,0.639125,0.648036
0.598223,0.645411,0.654173
0.597866,0.6438,0.652631
0.613935,0.657446,0.666438
0.628447,0.669627,0.678525
0.64411,0.684004,0.693417
0.637553,0.678182,0.687443
0.621974,0.66552,0.674683
0.582391,0.631174,0.639726
0.594114,0.641617,0.650571
0.593756,0.641389,0.650167
0.602133,0.648088,0.657055
0.606361,0.651515,0.660563
0.606955,0.650821,0.659766
0.607731,0.651848,0.661012
0.602873,0.648173,0.657007
0.589533,0.639261,0.647976
0.592517,0.641932,0.65085
0.593529,0.641899,0.650855
0.591847,0.638598,0.647478
0.582146,0.629227,0.637953
0.590284,0.637138,0.645958
0.589939,0.636578,0.645422
0.593676,0.641141,0.650042
0.586768,0.636664,0.645544
0.58591,0.635455,0.644405
0.589327,0.639104,0.64792
0.586106,0.635045,0.64398
0.593273,0.6415,0.650484
0.58265,0.631188,0.63986
0.594561,0.642341,0.651476
0.587505,0.63596,0.644876
0.587047,0.638604,0.647508
0.589764,0.640439,0.649296
0.580057,0.630333,0.638993
0.589156,0.638732,0.647716
0.583632,0.633327,0.642289
0.579352,0.62947,0.638218
0.588064,0.638564,0.647315
0.587392,0.636421,0.645271
0.584369,0.636071,0.644781
0.576179,0.628541,0.63727
0.585163,0.635767,0.644729
0.581111,0.633322,0.64204
0.582697,0.63316,0.641972
0.574353,0.625346,0.633838
0.581997,0.632869,0.641701
0.582107,0.63269,0.641576
0.582041,0.633894,0.642782
0.583765,0.635602,0.644157
0.587405,0.638204,0.6471
0.587224,0.639009,0.647778
0.585231,0.637082,0.645857
0.582224,0.63473,0.643387
0.587964,0.639509,0.648329
0.585058,0.637009,0.645738
0.582663,0.634484,0.642915
0.59528,0.647339,0.65615
0.587654,0.639636,0.64825
0.585484,0.637718,0.646407
0.580729,0.632987,0.641723
0.584996,0.636621,0.645433
0.587007,0.638641,0.647433
0.591478,0.643192,0.652023
0.599378,0.64644,0.655651
0.601883,0.648998,0.658152
0.611462,0.657321,0.666467
0.613834,0.659115,0.668203
0.617162,0.661231,0.670479
0.624376,0.667307,0.676649
0.630327,0.672036,0.681368
0.631323,0.673533,0.682884
0.601224,0.649252,0.658335
0.595358,0.642331,0.65145
0.602176,0.647606,0.656608
0.606041,0.650712,0.65967
0.629031,0.671573,0.680799
0.648645,0.688643,0.698123
0.65908,0.697666,0.707001
0.654529,0.694681,0.703855
0.596837,0.644077,0.653225
0.597429,0.643439,0.652494
0.603348,0.649284,0.658278
0.617114,0.661743,0.67091
0.643058,0.683615,0.692848
0.690094,0.725727,0.735562
0.735207,0.767363,0.777948
0.699751,0.73545,0.745508
0.590011,0.637159,0.646126
0.59439,0.641619,0.650479
0.599934,0.645447,0.6545
0.613451,0.656651,0.665684
0.648089,0.686832,0.696199
0.731638,0.764493,0.774897
0.814013,0.837331,0.849521
0.729864,0.761993,0.772323
0.593698,0.641802,0.650843
0.593485,0.641402,0.650273
0.599419,0.645879,0.654782
0.610632,0.655038,0.663876
0.636312,0.677197,0.686379
0.686224,0.722283,0.731865
0.729755,0.761995,0.772325
0.694334,0.730262,0.740066
0.58745,0.635848,0.644737
0.591203,0.639505,0.648528
0.591653,0.639619,0.648395
0.599478,0.644642,0.65359
0.614869,0.658639,0.667638
0.632126,0.67318,0.682262
0.650333,0.689646,0.698992
0.644512,0.68566,0.694896
0.589912,0.639723,0.648509
0.592746,0.642003,0.651023
0.593531,0.641786,0.650913
0.594155,0.64059,0.649582
0.604161,0.650492,0.659512
0.602032,0.64694,0.655489
0.610838,0.654374,0.663505
0.607584,0.651556,0.660438
0.585535,0.635594,0.644341
0.592053,0.641417,0.650383
0.581516,0.629183,0.637875
0.590458,0.638742,0.647664
0.58525,0.632617,0.641366
0.588574,0.634511,0.643355
0.590006,0.636716,0.645409
0.593223,0.639056,0.64817
0.584545,0.635341,0.644159
0.58699,0.637067,0.645801
0.58987,0.640121,0.648843
0.589014,0.636746,0.645648
0.583262,0.631932,0.640818
0.588178,0.637399,0.646169
0.587702,0.635841,0.644703
0.587121,0.635456,0.644262
0.583363,0.6351,0.643775
0.585089,0.635734,0.644604
0.585878,0.636223,0.645062
0.585568,0.636554,0.645186
0.581095,0.632016,0.640664
0.585089,0.635779,0.644419
0.586979,0.637125,0.645906
0.590611,0.639626,0.648571
0.579119,0.630638,0.639215
0.583302,0.634952,0.643684
0.582561,0.634934,0.643488
0.583189,0.634743,0.643553
0.577684,0.629118,0.637677
0.584105,0.635342,0.644207
0.578643,0.630408,0.638994
0.577807,0.627706,0.636633
0.586058,0.639322,0.648065
0.583867,0.636018,0.64491
0.58423,0.636612,0.645328
0.581615,0.633393,0.642242
0.580302,0.630423,0.639271
0.581004,0.631897,0.640697
0.583826,0.635137,0.643837
0.57786,0.628789,0.637643
0.579882,0.631456,0.640176
0.586993,0.638567,0.647337
0.581176,0.633836,0.642509
0.594323,0.645091,0.65413
0.584872,0.636795,0.645638
0.585809,0.637605,0.646534
0.586856,0.638117,0.646851
0.59137,0.64208,0.650917
0.606076,0.656006,0.664975
0.603857,0.652874,0.661931
0.593367,0.641297,0.650429
0.60545,0.652918,0.662009
0.620734,0.667771,0.676873
0.621733,0.666319,0.675502
0.626356,0.670573,0.679694
0.634007,0.677459,0.686919
0.591524,0.641149,0.650193
0.590311,0.640376,0.649071
0.610738,0.659393,0.66859
0.611947,0.658361,0.667571
0.620385,0.664569,0.673888
0.629728,0.673113,0.682334
0.652435,0.69368,0.703171
0.663916,0.703596,0.713158
0.602992,0.652521,0.661679
0.58893,0.638119,0.647008
0.601439,0.650217,0.659197
0.605728,0.652923,0.6621
0.617612,0.662873,0.672006
0.646066,0.68748,0.696801
0.70021,0.736832,0.746844
0.744071,0.777417,0.78825
0.585397,0.63473,0.64359
0.585935,0.63569,0.644715
0.589126,0.637895,0.646782
0.603104,0.650514,0.659305
0.614903,0.659764,0.668954
0.652893,0.692728,0.702138
0.737302,0.770959,0.781578
0.820748,0.84435,0.85698
0.59122,0.641645,0.650517
0.592122,0.642459,0.65136
0.596393,0.644978,0.653951
0.593417,0.641294,0.65035
0.616844,0.663169,0.672151
0.642852,0.685139,0.694357
0.697996,0.735635,0.745687
0.742521,0.776134,0.787076
0.589243,0.640341,0.649286
0.583302,0.635846,0.644389
0.603255,0.652615,0.66156
0.603441,0.651142,0.660188
0.613329,0.659995,0.669036
0.615925,0.661713,0.670616
0.641669,0.685024,0.694278
0.657683,0.698899,0.708369
0.592483,0.644106,0.652982
0.585676,0.636976,0.645785
0.585607,0.635997,0.644889
0.587717,0.638021,0.646638
0.595339,0.643881,0.652803
0.601953,0.65017,0.65896
0.607083,0.652905,0.661931
0.61237,0.656854,0.665883
0.589169,0.641538,0.650305
0.584123,0.635487,0.64434
0.582186,0.633937,0.642612
0.584149,0.634761,0.643431
0.58525,0.635569,0.644369
0.585742,0.63514,0.644045
0.594147,0.64242,0.651367
0.595618,0.642749,0.65168
0.581093,0.634031,0.64262
0.581447,0.634126,0.642517
0.578248,0.630365,0.638919
0.582194,0.634349,0.642929
0.585026,0.636295,0.645156
0.583566,0.634246,0.642958
0.588572,0.638514,0.647351
0.588404,0.637951,0.646503
0.585522,0.639142,0.64789
0.578186,0.631527,0.640105
0.583011,0.636875,0.645486
0.575932,0.629705,0.638159
0.580999,0.633888,0.642575
0.577158,0.629266,0.637749
0.578822,0.630526,0.639277
0.58058,0.631392,0.640057
0.572483,0.627651,0.635792
0.571438,0.625737,0.634178
0.579721,0.633855,0.642536
0.57136,0.625439,0.634046
0.579345,0.632024,0.640742
0.580809,0.633199,0.642068
0.573112,0.625741,0.634322
0.572558,0.62418,0.632772
0.58116,0.635481,0.644082
0.585812,0.639077,0.647937
0.572882,0.626855,0.635431
0.575393,0.6295,0.637881
0.579279,0.632472,0.640949
0.581917,0.63475,0.643307
0.575822,0.629019,0.637653
0.579149,0.632761,0.64121
0.580257,0.634413,0.643047
0.579894,0.633865,0.642387
0.578072,0.632055,0.640667
0.587123,0.641022,0.649693
0.582362,0.63526,0.643938
0.578658,0.633161,0.641766
0.583871,0.637959,0.646594
0.581328,0.635918,0.644454
0.605445,0.654108,0.663215
0.608914,0.65869,0.667794
0.604987,0.653971,0.663133
0.594128,0.644992,0.653838
0.595089,0.646852,0.655784
0.588061,0.640754,0.64946
0.595249,0.647891,0.656576
0.594716,0.647222,0.656079
0.623908,0.669986,0.679308
0.620028,0.667196,0.676381
0.614975,0.662715,0.67202
0.605272,0.655104,0.664143
0.599386,0.650304,0.659199
0.592485,0.644175,0.653069
0.583756,0.637012,0.645638
0.587244,0.640709,0.649397
0.65896,0.700961,0.710555
0.649634,0.693825,0.703145
0.622683,0.669399,0.678533
0.61228,0.660172,0.669343
0.599238,0.64938,0.658483
0.586794,0.638746,0.647466
0.59218,0.645376,0.65408
0.579372,0.633422,0.641912
0.749223,0.783895,0.794944
0.703229,0.74138,0.751592
0.647016,0.691357,0.700774
0.61553,0.662657,0.671725
0.594189,0.645088,0.653888
0.595458,0.646306,0.655316
0.590975,0.644112,0.652832
0.59024,0.643967,0.652655
0.828285,0.852686,0.865807
0.751144,0.786455,0.797594
0.660619,0.703223,0.712832
0.609955,0.657805,0.666752
0.599944,0.649831,0.658904
0.595088,0.645657,0.654636
0.586983,0.64111,0.649752
0.584768,0.638243,0.646919
0.750336,0.785087,0.79625
0.707611,0.746787,0.757096
0.6431,0.68724,0.696533
0.608463,0.656981,0.665704
0.597414,0.647857,0.6568
0.590132,0.642013,0.650731
0.585396,0.638865,0.647411
0.579034,0.632365,0.640821
0.658315,0.701391,0.711029
0.647554,0.691909,0.701484
0.614142,0.661265,0.670231
0.60489,0.654168,0.662973
0.587205,0.63835,0.647187
0.587399,0.639781,0.64852
0.582749,0.635798,0.644245
0.588635,0.642828,0.65136
0.607606,0.654401,0.663454
0.607806,0.656492,0.665556
0.595148,0.644055,0.652804
0.584178,0.635312,0.64397
0.581421,0.634496,0.643153
0.574853,0.629017,0.637313
0.583526,0.63753,0.646006
0.575902,0.630777,0.639098
0.590585,0.641093,0.649826
0.58824,0.63993,0.648591
0.582556,0.63442,0.643161
0.57999,0.633851,0.642272
0.584927,0.638657,0.647191
0.576504,0.630607,0.639209
0.579863,0.634513,0.64316
0.572079,0.628043,0.636217
0.572315,0.626347,0.63451
0.574736,0.629061,0.63723
0.573935,0.627861,0.636433
0.575919,0.630547,0.638936
0.576222,0.630279,0.638772
0.575664,0.631271,0.639556
0.576996,0.632803,0.641061
0.576577,0.632691,0.640973
0.569222,0.623368,0.631618
0.57086,0.624845,0.633299
0.569536,0.623285,0.631683
0.573433,0.629317,0.637688
0.580959,0.637293,0.645651
0.573235,0.629617,0.637741
0.572052,0.628367,0.636646
0.573481,0.630562,0.638632
0.574083,0.628289,0.636959
0.574919,0.630707,0.63889
0.571543,0.626866,0.635072
0.580614,0.637089,0.645322
0.580706,0.636136,0.644776
0.580473,0.637026,0.645393
0.566835,0.623434,0.631582
0.573304,0.62955,0.637721
0.577743,0.634666,0.642927
0.581202,0.637003,0.645315
0.570463,0.62634,0.634526
0.585198,0.641723,0.650232
0.570193,0.627648,0.635445
0.569019,0.62767,0.635447
0.580116,0.638028,0.646237
0.569335,0.627945,0.635835
0.605748,0.649789,0.658883
0.612012,0.656553,0.665804
0.606638,0.65158,0.660787
0.598667,0.645001,0.653951
0.596843,0.644294,0.653216
0.599211,0.645951,0.654979
0.595968,0.64397,0.652761
0.593958,0.643116,0.652083
0.617151,0.659834,0.668976
0.614197,0.656273,0.665357
0.620826,0.664855,0.674075
0.609388,0.654606,0.663707
0.602377,0.64858,0.65761
0.599508,0.64707,0.655917
0.591477,0.639409,0.648357
0.594713,0.643651,0.652665
0.639488,0.679448,0.688508
0.654505,0.694208,0.703547
0.643647,0.68509,0.694329
0.616754,0.659851,0.668848
0.609211,0.654286,0.663361
0.598031,0.645088,0.65406
0.594079,0.642648,0.651699
0.597457,0.64494,0.654134
0.69295,0.728555,0.73824
0.732687,0.765281,0.775714
0.69122,0.726917,0.736651
0.636833,0.677664,0.686816
0.612546,0.656338,0.66553
0.592768,0.638315,0.647109
0.594403,0.64178,0.650763
0.596121,0.643946,0.652863
0.732965,0.7655,0.775966
0.814081,0.837272,0.849497
0.734031,0.76735,0.777756
0.642296,0.681511,0.690607
0.610328,0.653287,0.662246
0.600669,0.647073,0.655686
0.596857,0.644496,0.653494
0.600301,0.64807,0.657003
0.695729,0.732373,0.742122
0.731557,0.764141,0.774485
0.689267,0.7254,0.735055
0.633465,0.674125,0.68325
0.6077,0.652177,0.660937
0.588245,0.635265,0.644038
0.590973,0.638657,0.647471
0.586754,0.635239,0.64409
0.638752,0.679561,0.688646
0.640673,0.680444,0.689635
0.640248,0.682355,0.69154
0.616602,0.660043,0.669296
0.601625,0.647067,0.655944
0.5885,0.636113,0.644789
0.5896,0.639109,0.647981
0.59704,0.646371,0.655359
0.606495,0.650534,0.659332
0.610748,0.654534,0.663576
0.603439,0.647834,0.656801
0.601411,0.648364,0.657342
0.590943,0.637808,0.646734
0.591159,0.639176,0.648036
0.584354,0.633964,0.642601
0.590561,0.639266,0.648353
0.592845,0.639722,0.648576
0.58922,0.636041,0.644837
0.592452,0.639255,0.648106
0.587696,0.634614,0.643465
0.585205,0.633007,0.641867
0.584262,0.633417,0.642132
0.591641,0.642177,0.651074
0.591536,0.641437,0.650541
0.586263,0.634616,0.643494
0.572187,0.621444,0.630002
0.584523,0.633377,0.64218
0.582609,0.631924,0.64067
0.581941,0.631734,0.640521
0.579776,0.631178,0.640038
0.582914,0.633621,0.642507
0.578866,0.629639,0.63826
0.588458,0.638134,0.646968
0.585238,0.635413,0.644229
0.584528,0.633951,0.64283
0.583025,0.633259,0.642055
0.586068,0.636172,0.644938
0.582702,0.634025,0.642565
0.576478,0.629201,0.637711
0.586554,0.638723,0.647429
0.589588,0.639957,0.648944
0.586654,0.637958,0.646715
0.584521,0.634782,0.643822
0.588662,0.6389,0.647861
0.580258,0.630649,0.639507
0.587852,0.638965,0.647788
0.579222,0.631299,0.640005
0.580186,0.632637,0.641339
0.58787,0.63902,0.647999
0.587772,0.638453,0.647357
0.58923,0.639156,0.648021
0.583908,0.635052,0.644007
0.586691,0.637409,0.646249
0.585565,0.637065,0.645819
0.588874,0.64023,0.649162
0.587408,0.639622,0.648488
0.61045,0.655327,0.664467
0.608938,0.654158,0.663315
0.603046,0.648008,0.656934
0.608208,0.653851,0.662818
0.606975,0.653258,0.662252
0.602498,0.649173,0.658336
0.597537,0.64548,0.654441
0.593491,0.642082,0.65088
0.613292,0.657251,0.666359
0.620247,0.663386,0.672526
0.621691,0.665791,0.674831
0.610783,0.654721,0.663796
0.604012,0.648673,0.657769
0.604666,0.649717,0.658654
0.597924,0.644645,0.653673
0.602857,0.650447,0.659476
0.624713,0.66678,0.675936
0.638755,0.678837,0.688046
0.645658,0.685427,0.694579
0.638319,0.679319,0.688473
0.619714,0.663377,0.672433
0.609773,0.654876,0.663877
0.603225,0.649684,0.658691
0.59698,0.644756,0.653609
0.646291,0.686849,0.696082
0.693007,0.729318,0.739124
0.727783,0.760201,0.770497
0.688467,0.724675,0.734288
0.633655,0.674875,0.683926
0.613354,0.657365,0.666317
0.599609,0.646264,0.655197
0.59323,0.640857,0.649817
0.653984,0.694044,0.703309
0.733086,0.765857,0.776376
0.810242,0.833147,0.845209
0.731935,0.76514,0.775679
0.646961,0.687425,0.696618
0.613509,0.656493,0.665582
0.605672,0.65203,0.660894
0.604259,0.652218,0.661173
0.641345,0.682404,0.691717
0.690798,0.726982,0.736772
0.727402,0.760533,0.770788
0.690154,0.727078,0.73673
0.636716,0.67856,0.687581
0.600571,0.645554,0.654304
0.598133,0.644749,0.653525
0.596028,0.644331,0.653105
0.611501,0.654244,0.663105
0.63262,0.673841,0.682893
0.644229,0.684524,0.693677
0.633361,0.674936,0.684084
0.604555,0.648498,0.657134
0.593595,0.639901,0.648521
0.593935,0.642263,0.651232
0.592936,0.640695,0.649557
0.595148,0.640816,0.64959
0.606532,0.651583,0.660397
0.611296,0.655545,0.664612
0.600951,0.646712,0.655503
0.596089,0.64259,0.651519
0.588704,0.635599,0.644344
0.588875,0.637227,0.645993
0.586052,0.636051,0.64484
0.594603,0.640573,0.649616
0.59482,0.642481,0.651341
0.596231,0.642908,0.651945
0.582911,0.629621,0.638313
0.587963,0.635837,0.644594
0.587992,0.637217,0.64605
0.586238,0.635837,0.644583
0.585111,0.634431,0.643494
0.581495,0.630526,0.639287
0.577591,0.626484,0.635123
0.584286,0.63236,0.64122
0.584185,0.633617,0.642507
0.57972,0.629242,0.637875
0.587627,0.637612,0.646412
0.580871,0.630822,0.639494
0.590261,0.641642,0.650322
0.592645,0.642438,0.651343
0.580553,0.629724,0.638469
0.585839,0.636224,0.644839
0.574486,0.625262,0.633824
0.586703,0.637325,0.646119
0.587752,0.637265,0.6463
0.590202,0.640827,0.649684
0.585286,0.636419,0.645087
0.587148,0.637514,0.646311
0.582694,0.633868,0.642605
0.589184,0.639186,0.648106
0.581394,0.632552,0.641296
0.580858,0.631189,0.6399
0.582049,0.633838,0.642559
0.576099,0.628077,0.636606
0.582381,0.633971,0.642691
0.58976,0.640093,0.648981
0.583327,0.634273,0.643063
0.585917,0.636946,0.645868
0.584084,0.634936,0.643857
0.588137,0.639095,0.648126
0.584347,0.635726,0.644539
0.584654,0.63692,0.645486
0.58516,0.637576,0.646233
0.606691,0.653559,0.662546
0.608714,0.654091,0.663133
0.606042,0.651571,0.660698
0.601209,0.646209,0.655229
0.595881,0.641505,0.650308
0.596515,0.643095,0.652033
0.598917,0.645946,0.654903
0.602707,0.649656,0.658699
0.60387,0.650115,0.659157
0.6092,0.654017,0.663118
0.61466,0.65823,0.667437
0.617141,0.661561,0.670517
0.612817,0.656832,0.665885
0.611173,0.656695,0.665629
0.612307,0.658752,0.66788
0.600178,0.647866,0.65691
0.608417,0.653013,0.662186
0.623958,0.666959,0.67608
0.637947,0.679142,0.688457
0.648886,0.688886,0.698005
0.637218,0.678851,0.688075
0.619318,0.662781,0.671918
0.606654,0.651315,0.660339
0.596377,0.642172,0.651066
0.612225,0.656552,0.66567
0.638779,0.679952,0.689133
0.691346,0.727964,0.737758
0.73331,0.766794,0.777204
0.682303,0.718547,0.727913
0.637345,0.678745,0.687895
0.614784,0.658722,0.668016
0.601703,0.647835,0.656766
0.622611,0.666316,0.675512
0.649942,0.690175,0.699392
0.732524,0.765539,0.776002
0.817346,0.841288,0.853542
0.730094,0.76336,0.77372
0.649667,0.689072,0.69851
0.613513,0.656783,0.665717
0.598833,0.644854,0.653858
0.615191,0.659968,0.668957
0.638116,0.679086,0.688278
0.690623,0.727639,0.737294
0.732365,0.765665,0.776017
0.687138,0.72403,0.733631
0.638716,0.681106,0.690243
0.603654,0.647245,0.656118
0.599311,0.645372,0.65435
0.605179,0.651033,0.659969
0.612952,0.65715,0.665917
0.632631,0.673538,0.682531
0.645435,0.685815,0.69499
0.630349,0.672562,0.681572
0.610866,0.65487,0.663794
0.59459,0.640063,0.648932
0.595391,0.643536,0.652213
0.591444,0.638518,0.647354
0.597538,0.644106,0.652919
0.601061,0.645777,0.654593
0.605165,0.650032,0.658877
0.604425,0.649512,0.65847
0.593341,0.638791,0.647694
0.597764,0.644569,0.653468
0.592784,0.640146,0.649029
0.585501,0.633265,0.64219
0.592646,0.640152,0.649057
0.585879,0.63296,0.641732
0.587203,0.633779,0.642586
0.589532,0.635972,0.644818
0.591837,0.63951,0.648489
0.592838,0.641735,0.650788
0.590613,0.638642,0.647567
0.585224,0.634175,0.643024
0.58686,0.636293,0.645063
0.58296,0.632111,0.640833
0.58025,0.630026,0.638633
0.583979,0.633569,0.642174
0.590173,0.639333,0.648206
0.584359,0.634952,0.643645
0.583707,0.633085,0.641952
0.587605,0.638197,0.646918
0.583661,0.633698,0.642614
0.579615,0.629652,0.638263
0.586242,0.636251,0.645025
0.57829,0.628775,0.63747
0.578407,0.629222,0.637869
0.580423,0.631243,0.640067
0.588161,0.638924,0.647649
0.583102,0.633244,0.642355
0.581019,0.632029,0.640556
0.58449,0.634181,0.643157
0.580692,0.631538,0.640197
0.583612,0.634854,0.643436
0.581006,0.632148,0.640775
0.579338,0.630248,0.638942
0.592454,0.643938,0.652731
0.584086,0.635296,0.644141
0.585458,0.637767,0.646514
0.579154,0.630553,0.639108
0.583878,0.63533,0.643861
0.582091,0.632173,0.641174
0.578416,0.629295,0.638047
0.583565,0.635698,0.644288
0.585495,0.637094,0.645629
0.595234,0.642238,0.651148
0.598477,0.645031,0.654036
0.600766,0.64744,0.65648
0.5964,0.641368,0.65029
0.598054,0.643582,0.652368
0.60476,0.6511,0.660287
0.605145,0.652201,0.661173
0.602184,0.649004,0.658154
0.597284,0.6438,0.652657
0.60599,0.652142,0.661199
0.606906,0.651702,0.660707
0.61375,0.65798,0.666996
0.614282,0.65782,0.666871
0.613356,0.657449,0.666522
0.609182,0.653607,0.662834
0.602106,0.64689,0.655937
0.600761,0.647877,0.656788
0.601892,0.645972,0.65482
0.612452,0.655635,0.664644
0.636814,0.677156,0.686255
0.644822,0.684627,0.693786
0.63752,0.678154,0.687384
0.617272,0.660373,0.669434
0.612733,0.657804,0.667003
0.598658,0.644879,0.653744
0.609321,0.653628,0.662746
0.6402,0.68168,0.690833
0.690743,0.727708,0.737517
0.731214,0.764235,0.774612
0.692347,0.728896,0.738653
0.637259,0.678685,0.687981
0.615926,0.659419,0.668567
0.603718,0.649767,0.658703
0.615142,0.65962,0.668507
0.644424,0.684694,0.69372
0.733554,0.766575,0.777211
0.812678,0.836061,0.848157
0.728309,0.760964,0.771141
0.650674,0.691184,0.700458
0.611171,0.654359,0.663372
0.591145,0.637094,0.645876
0.604255,0.648387,0.657337
0.633734,0.674717,0.683898
0.689445,0.72701,0.736561
0.726705,0.759926,0.770206
0.689826,0.726939,0.736474
0.632045,0.672693,0.681955
0.61007,0.654361,0.66343
0.590256,0.637267,0.646127
0.601813,0.647043,0.656094
0.613644,0.658034,0.666928
0.628791,0.670221,0.679141
0.64364,0.68421,0.693353
0.632224,0.674417,0.683293
0.610667,0.653809,0.662881
0.600368,0.645232,0.654348
0.585805,0.633763,0.642648
0.592026,0.639813,0.64873
0.593939,0.640059,0.649092
0.597374,0.64256,0.651568
0.604246,0.649344,0.658355
0.601042,0.645688,0.654421
0.599052,0.645219,0.653981
0.589501,0.63585,0.644736
0.591898,0.641395,0.650286
0.580086,0.629665,0.638241
0.584607,0.632066,0.641047
0.593053,0.640462,0.649256
0.588018,0.635257,0.644309
0.589188,0.635948,0.644747
0.587983,0.636104,0.644835
0.579217,0.628017,0.636633
0.587245,0.636925,0.64594
0.586702,0.636046,0.644862
0.582934,0.631994,0.64085
0.58297,0.632553,0.641428
0.580237,0.629231,0.637999
0.578779,0.627402,0.63629
0.584628,0.633532,0.642472
0.59031,0.640906,0.649676
0.589043,0.639694,0.648461
0.583331,0.634095,0.642902
0.577573,0.628045,0.636844
0.587902,0.638351,0.647122
0.577765,0.628301,0.636952
0.584535,0.63503,0.643934
0.578045,0.628992,0.637689
0.581091,0.632019,0.640763
0.591646,0.642357,0.651277
0.587577,0.638928,0.647668
0.584712,0.63689,0.645818
0.578258,0.629044,0.637872
0.577295,0.628219,0.636882
0.588923,0.639437,0.648417
0.587581,0.637913,0.646597
0.580263,0.630461,0.639324
0.58249,0.632841,0.641654
0.582278,0.633425,0.642202
0.580849,0.631793,0.640588
0.577722,0.630189,0.638771
0.578066,0.629989,0.638525
0.583961,0.63517,0.643904
0.585063,0.636803,0.645803
0.576261,0.627329,0.635953
0.602089,0.650473,0.659508
0.593496,0.64128,0.650161
0.601643,0.648518,0.657554
0.60423,0.650042,0.659074
0.602577,0.64868,0.657696
0.600538,0.646283,0.655345
0.605682,0.651742,0.660729
0.613314,0.658897,0.668288
0.589606,0.636203,0.645051
0.599248,0.646274,0.655285
0.603176,0.649703,0.658767
0.604701,0.650205,0.65915
0.610971,0.654514,0.663616
0.621546,0.665147,0.674265
0.614958,0.658725,0.667751
0.614873,0.658636,0.667912
0.601892,0.649907,0.658985
0.60424,0.651201,0.660314
0.60413,0.649704,0.658788
0.61482,0.65808,0.667073
0.638196,0.678996,0.688329
0.650373,0.690279,0.699582
0.635039,0.675985,0.685061
0.619678,0.662077,0.671134
0.597867,0.644757,0.653755
0.60143,0.64705,0.656053
0.610621,0.654482,0.663513
0.634456,0.675275,0.684391
0.689712,0.72578,0.735473
0.73401,0.767156,0.77767
0.689439,0.726147,0.735628
0.639804,0.680803,0.689914
0.597919,0.645664,0.654761
0.601847,0.64786,0.656941
0.607821,0.651989,0.660932
0.647979,0.688197,0.697388
0.735804,0.769116,0.779717
0.812154,0.835405,0.847516
0.732397,0.765365,0.775769
0.652553,0.69266,0.701992
0.593261,0.639926,0.649034
0.591718,0.638257,0.646888
0.604243,0.648162,0.657075
0.634656,0.676188,0.685324
0.688204,0.724995,0.734492
0.72828,0.761116,0.771288
0.687788,0.7244,0.734043
0.640386,0.681685,0.690732
0.588382,0.636457,0.645356
0.593608,0.640682,0.649658
0.598909,0.645559,0.654362
0.611954,0.655873,0.664863
0.634625,0.67686,0.686
0.644795,0.686254,0.695262
0.631906,0.673422,0.682454
0.618518,0.662335,0.671268
0.593946,0.642176,0.65115
0.588121,0.636401,0.645139
0.589763,0.637313,0.646104
0.593889,0.639374,0.648343
0.602087,0.647315,0.656324
0.6076,0.652328,0.661229
0.60069,0.645549,0.654462
0.599273,0.644641,0.653561
0.585349,0.635464,0.644312
0.587269,0.636624,0.645515
0.590702,0.63964,0.64837
0.587206,0.63466,0.643513
0.585875,0.633098,0.641923
0.591915,0.638403,0.647185
0.593828,0.640702,0.649632
0.587583,0.634087,0.642953
0.582132,0.632085,0.641016
0.589022,0.639174,0.648102
0.581983,0.631981,0.640531
0.580363,0.630029,0.638636
0.584264,0.633427,0.64213
0.581769,0.629992,0.638807
0.583599,0.63246,0.641157
0.57593,0.624407,0.633083
0.585147,0.636754,0.645401
0.582004,0.632825,0.64145
0.578073,0.629079,0.637756
0.583737,0.634464,0.643294
0.577824,0.627673,0.636475
0.588188,0.637567,0.646447
0.580567,0.629877,0.638684
0.585082,0.635271,0.644181
0.579778,0.631265,0.63985
0.583513,0.635744,0.644475
0.586401,0.637147,0.646003
0.57998,0.630528,0.63915
0.579297,0.630545,0.639228
0.579686,0.630521,0.639445
0.578704,0.629316,0.638177
0.589008,0.639842,0.648552
0.583863,0.634535,0.643402
0.586659,0.637419,0.6463
0.571395,0.623129,0.63183
0.586782,0.637873,0.646686
0.581422,0.63311,0.641938
0.58514,0.636565,0.64525
0.581949,0.631991,0.640661
0.58359,0.634217,0.642838
0.598443,0.645954,0.654979
0.596101,0.643433,0.652527
0.591314,0.639183,0.648103
0.597672,0.64422,0.653321
0.598233,0.643836,0.652795
0.605145,0.651555,0.660504
0.607912,0.652511,0.661605
0.608712,0.653395,0.662348
0.594209,0.642726,0.651623
0.594398,0.642375,0.651458
0.596735,0.643266,0.652171
0.598573,0.644424,0.6535
0.614186,0.659392,0.668554
0.624639,0.667849,0.67709
0.622004,0.66403,0.67326
0.617947,0.661122,0.670283
0.597294,0.645728,0.654681
0.599048,0.646708,0.65566
0.603502,0.650669,0.659574
0.608464,0.653055,0.662161
0.623921,0.667497,0.676715
0.636718,0.676759,0.685979
0.648031,0.68693,0.696179
0.643571,0.683035,0.692323
0.598718,0.64626,0.655214
0.601978,0.649701,0.658772
0.598526,0.643975,0.652741
0.610106,0.654851,0.663814
0.634999,0.67593,0.685044
0.689744,0.726189,0.735918
0.73175,0.76437,0.774867
0.693041,0.729351,0.739045
0.585879,0.634355,0.643176
0.58965,0.63765,0.646396
0.598542,0.64404,0.652945
0.606417,0.650356,0.659047
0.646329,0.685147,0.694544
0.727948,0.760473,0.770753
0.813665,0.836849,0.849056
0.729512,0.761994,0.772233
0.583817,0.631753,0.640572
0.592938,0.640667,0.649515
0.595123,0.641016,0.649885
0.608915,0.653305,0.662105
0.63737,0.67952,0.688664
0.684579,0.721023,0.730481
0.73232,0.765515,0.775824
0.690102,0.726028,0.735707
0.587373,0.636318,0.644906
0.592265,0.640647,0.649447
0.593534,0.641149,0.649982
0.601198,0.646472,0.65538
0.611719,0.655077,0.663844
0.629585,0.669808,0.678958
0.643397,0.683495,0.692618
0.63725,0.678503,0.687705
0.581085,0.63091,0.639626
0.580693,0.630612,0.639181
0.585697,0.63379,0.642652
0.588488,0.635285,0.644177
0.597242,0.643022,0.651887
0.599706,0.64387,0.652792
0.604464,0.648597,0.657449
0.6088,0.653499,0.662361
0.588431,0.638561,0.647296
0.591201,0.640206,0.649091
0.594134,0.643474,0.652331
0.586285,0.634091,0.642951
0.589012,0.6362,0.645079
0.590196,0.637568,0.646534
0.591459,0.638142,0.647046
0.593554,0.639943,0.648852
0.577608,0.62895,0.63778
0.581186,0.632492,0.641197
0.591421,0.641563,0.650427
0.582841,0.632218,0.64093
0.584122,0.633219,0.641988
0.584105,0.632823,0.641611
0.588831,0.636527,0.645495
0.585797,0.634594,0.643445
0.583084,0.634933,0.643664
0.588875,0.640026,0.649002
0.586279,0.637173,0.645969
0.585618,0.63554,0.644449
0.581712,0.631292,0.640039
0.580324,0.629906,0.638801
0.582705,0.632056,0.640781
0.583268,0.633593,0.642323
0.578596,0.629891,0.63868
0.581699,0.633827,0.642578
0.584904,0.637298,0.646122
0.589196,0.640404,0.649299
0.585136,0.635599,0.644461
0.584823,0.634429,0.643191
0.585421,0.635183,0.644017
0.587166,0.636948,0.645877
0.583091,0.635167,0.644023
0.58418,0.635921,0.644848
0.585825,0.637112,0.645943
0.58396,0.635344,0.644121
0.57883,0.629832,0.638555
0.586874,0.63734,0.646221
0.594503,0.645054,0.653835
0.590871,0.64,0.649029
0.581427,0.632991,0.641648
0.59469,0.644946,0.653867
0.60097,0.650357,0.659291
0.604507,0.653194,0.662269
0.599295,0.647748,0.656663
0.597582,0.645157,0.654066
0.607948,0.654036,0.663199
0.611658,0.657953,0.66702
0.597186,0.647412,0.656369
0.594419,0.64575,0.654642
0.59539,0.644794,0.65371
0.606255,0.655916,0.664855
0.607457,0.655491,0.664446
0.60899,0.655357,0.664511
0.613288,0.656807,0.666009
0.622287,0.665876,0.675185
0.591639,0.642248,0.651148
0.594576,0.644059,0.653087
0.599446,0.648435,0.657445
0.601825,0.65033,0.659495
0.605636,0.651421,0.660553
0.623003,0.667164,0.676348
0.641923,0.684108,0.693576
0.656432,0.697373,0.706799
0.590551,0.641343,0.650112
0.594352,0.644658,0.653593
0.596948,0.646363,0.655219
0.606974,0.655282,0.664285
0.618726,0.663612,0.672735
0.638757,0.680783,0.689981
0.701179,0.738626,0.748759
0.73515,0.768533,0.77898
0.591216,0.642193,0.650965
0.58557,0.636445,0.64506
0.598904,0.648568,0.657412
0.59748,0.645886,0.654658
0.613414,0.658206,0.667348
0.656061,0.697403,0.706831
0.738369,0.772177,0.78277
0.81902,0.842566,0.855058
0.588935,0.640474,0.649169
0.58584,0.636085,0.644787
0.590528,0.640222,0.64884
0.599939,0.648112,0.657043
0.607574,0.653684,0.662486
0.639736,0.682648,0.691892
0.69402,0.730784,0.740692
0.736688,0.770149,0.780725
0.588389,0.639923,0.648464
0.581318,0.632172,0.640883
0.593474,0.643644,0.652316
0.590794,0.639828,0.648754
0.599206,0.646888,0.655606
0.615536,0.660845,0.669663
0.637817,0.68013,0.689407
0.653954,0.695119,0.704421
0.579206,0.630767,0.639244
0.595276,0.646252,0.655139
0.583447,0.635572,0.644171
0.584628,0.634167,0.642916
0.591671,0.639272,0.648097
0.597261,0.643771,0.652864
0.603035,0.648022,0.657094
0.611727,0.656543,0.665818
0.581676,0.634672,0.64336
0.581464,0.63326,0.641935
0.577042,0.628807,0.637409
0.582766,0.634419,0.643027
0.585963,0.636208,0.645047
0.59155,0.64032,0.649233
0.588812,0.63791,0.646446
0.591253,0.639618,0.64849
0.571006,0.624094,0.632649
0.57845,0.631222,0.639741
0.577937,0.631701,0.640171
0.575624,0.627725,0.636317
0.576637,0.627681,0.636265
0.575999,0.628149,0.63663
0.577211,0.627517,0.636096
0.596489,0.647262,0.655992
0.579658,0.63244,0.641034
0.575101,0.629436,0.637899
0.58319,0.635905,0.644498
0.580025,0.632478,0.641152
0.578779,0.630296,0.638972
0.569768,0.622518,0.631011
0.57799,0.630376,0.638858
0.576882,0.628922,0.637521
0.583984,0.637923,0.646607
0.585785,0.638812,0.647488
0.576213,0.629981,0.638415
0.579636,0.632082,0.640772
0.577199,0.630171,0.638474
0.577883,0.629999,0.638671
0.577313,0.629067,0.637656
0.586352,0.639602,0.648067
0.575987,0.630277,0.638663
0.576977,0.630925,0.639375
0.585823,0.639135,0.647984
0.580351,0.633454,0.642087
0.577611,0.632325,0.640698
0.587787,0.640224,0.64915
0.583746,0.636861,0.645653
0.590377,0.643176,0.652146
0.591296,0.642311,0.651032
0.592752,0.643701,0.652527
0.582194,0.633563,0.642453
0.585201,0.637775,0.646529
0.58678,0.640856,0.649336
0.584974,0.638675,0.647276
0.583222,0.638404,0.646926
0.580954,0.635693,0.644075
0.60104,0.650189,0.6593
0.601061,0.650267,0.659369
0.596463,0.64754,0.656397
0.594312,0.645926,0.654899
0.588353,0.640126,0.648939
0.594577,0.647608,0.656471
0.582759,0.63617,0.644743
0.588977,0.642771,0.651351
0.612733,0.659379,0.668484
0.604643,0.65171,0.66073
0.604827,0.653051,0.662004
0.595001,0.644931,0.653923
0.589391,0.640748,0.649454
0.581594,0.634831,0.643381
0.584291,0.638211,0.646845
0.587353,0.641606,0.650093
0.656815,0.69855,0.708152
0.644791,0.689078,0.698543
0.61256,0.658475,0.667633
0.607832,0.65675,0.665807
0.596202,0.646834,0.655646
0.594738,0.646948,0.655793
0.575487,0.629862,0.638096
0.585243,0.638621,0.647147
0.750057,0.78439,0.795586
0.70634,0.746033,0.756236
0.641097,0.68513,0.69448
0.606496,0.655426,0.664199
0.598601,0.648882,0.657618
0.593351,0.645225,0.65391
0.586357,0.639736,0.648461
0.581222,0.635581,0.643879
0.828377,0.852484,0.86562
0.750883,0.785924,0.797224
0.65765,0.700647,0.710168
0.616909,0.663892,0.673131
0.594228,0.643719,0.652532
0.579965,0.631773,0.640296
0.581504,0.635299,0.643741
0.582669,0.637696,0.64596
0.746851,0.781447,0.792551
0.705519,0.744861,0.755172
0.639941,0.683638,0.692865
0.606323,0.653959,0.662867
0.595096,0.645293,0.653796
0.585715,0.638812,0.647176
0.57882,0.632426,0.6408
0.577321,0.631984,0.640306
0.65925,0.702093,0.711717
0.642274,0.687474,0.696747
0.611871,0.658978,0.667885
0.599599,0.649714,0.65856
0.585017,0.635428,0.64415
0.583951,0.636152,0.644843
0.5834,0.637302,0.645724
0.570331,0.623916,0.632333
0.603325,0.649871,0.658778
0.60071,0.648867,0.657666
0.592166,0.642239,0.650777
0.5777,0.628556,0.637036
0.587893,0.64061,0.649236
0.578677,0.63283,0.641177
0.57767,0.632834,0.641048
0.572197,0.62721,0.63566
0.584947,0.636466,0.64506
0.592332,0.644412,0.652998
0.577481,0.629121,0.637727
0.581602,0.634035,0.642623
0.58095,0.633738,0.642332
0.574304,0.629281,0.637633
0.575359,0.63,0.638494
0.574707,0.630593,0.638935
0.57904,0.631433,0.639922
0.580504,0.632737,0.641452
0.576474,0.629181,0.637814
0.586042,0.639665,0.648247
0.574493,0.627798,0.636152
0.570853,0.625956,0.634192
0.570488,0.62617,0.634276
0.574606,0.630917,0.639182
0.578932,0.632235,0.640885
0.577315,0.631025,0.639434
0.576616,0.630503,0.638987
0.583483,0.638296,0.646701
0.588372,0.642816,0.651454
0.584759,0.639893,0.648362
0.575486,0.633198,0.641262
0.575887,0.633051,0.641427
0.575197,0.628214,0.6369
0.579716,0.634876,0.643487
0.576025,0.632036,0.640392
0.576954,0.632225,0.640723
0.574222,0.630892,0.638812
0.569916,0.627002,0.63515
0.578913,0.635058,0.643461
0.573222,0.629764,0.637764
0.600752,0.647323,0.656272
0.595269,0.641783,0.650589
0.598214,0.645284,0.654312
0.588855,0.637623,0.646303
0.5816,0.63029,0.639045
0.595686,0.644258,0.653178
0.590102,0.639645,0.648536
0.57651,0.626419,0.635081
0.594008,0.64017,0.649014
0.603328,0.648563,0.65767
0.604299,0.649418,0.658516
0.602577,0.649233,0.658321
0.60477,0.652047,0.661285
0.59705,0.644648,0.653725
0.602157,0.651513,0.660607
0.594394,0.64317,0.652216
0.605194,0.649039,0.658035
0.612418,0.65613,0.665096
0.613585,0.657206,0.666354
0.60452,0.65003,0.659113
0.603493,0.649891,0.658924
0.600488,0.648152,0.657267
0.595881,0.644735,0.653705
0.590368,0.639313,0.648188
0.639584,0.679628,0.688827
0.652261,0.692527,0.701816
0.643114,0.684929,0.69423
0.619089,0.662571,0.671818
0.602935,0.647648,0.656833
0.598961,0.646216,0.655219
0.598486,0.646355,0.655365
0.59116,0.639045,0.648034
0.692305,0.728551,0.738307
0.731293,0.764174,0.774459
0.689399,0.725901,0.735555
0.632388,0.673711,0.682807
0.612202,0.65672,0.665791
0.597503,0.644129,0.653019
0.588256,0.636853,0.645554
0.588568,0.637947,0.646683
0.733282,0.765446,0.775855
0.816037,0.83966,0.851878
0.733178,0.766408,0.776844
0.649198,0.689508,0.698781
0.607034,0.650847,0.659827
0.59956,0.64631,0.655131
0.584672,0.633676,0.642363
0.587018,0.636587,0.645246
0.694136,0.730764,0.740607
0.728304,0.7606,0.770924
0.685281,0.721536,0.731093
0.635618,0.677109,0.686251
0.605841,0.65089,0.659762
0.595767,0.643247,0.652162
0.588332,0.63632,0.645062
0.593238,0.64216,0.650964
0.638211,0.679985,0.689099
0.6488,0.689709,0.69887
0.62937,0.670518,0.67954
0.606577,0.65064,0.659393
0.595024,0.640816,0.649589
0.586722,0.634366,0.643245
0.590806,0.639329,0.648178
0.583867,0.633246,0.642133
0.598159,0.641993,0.650845
0.603183,0.647936,0.656776
0.599861,0.644584,0.653456
0.597274,0.64335,0.65217
0.585807,0.633029,0.641687
0.582719,0.631363,0.640017
0.588455,0.637617,0.646584
0.581841,0.631047,0.639785
0.593398,0.640844,0.649853
0.596223,0.642861,0.651817
0.587896,0.635651,0.644349
0.586112,0.634466,0.643257
0.588278,0.636599,0.645598
0.590188,0.639702,0.648643
0.585188,0.634485,0.643379
0.579429,0.63006,0.638673
0.587763,0.636011,0.644846
0.590767,0.638925,0.647713
0.584336,0.632308,0.64112
0.587045,0.635633,0.644571
0.58708,0.63621,0.645105
0.588052,0.637025,0.64579
0.587065,0.637418,0.646316
0.585445,0.636551,0.645313
0.591008,0.638874,0.647919
0.593015,0.642026,0.650841
0.587816,0.636447,0.645468
0.591412,0.641026,0.650045
0.586473,0.636146,0.645088
0.574557,0.624307,0.633067
0.587599,0.638993,0.647742
0.577094,0.629297,0.637846
0.591973,0.641625,0.650464
0.589774,0.639188,0.648242
0.587902,0.637712,0.646795
0.585593,0.635729,0.644675
0.586167,0.637417,0.646108
0.580713,0.631644,0.640418
0.583269,0.634239,0.64314
0.58258,0.634572,0.64335
0.5988,0.646554,0.655469
0.593312,0.640475,0.64934
0.596521,0.643652,0.652485
0.590519,0.638187,0.646965
0.597573,0.645525,0.654596
0.587471,0.635984,0.644928
0.59391,0.64282,0.651759
0.588414,0.638034,0.646699
0.607427,0.652854,0.662157
0.601521,0.646277,0.655356
0.606285,0.651884,0.661064
0.599884,0.645567,0.654564
0.599715,0.64608,0.654995
0.590409,0.637953,0.646912
0.592094,0.640859,0.64988
0.592135,0.640549,0.649434
0.603952,0.648278,0.657184
0.611995,0.655997,0.665019
0.617557,0.662177,0.671155
0.611632,0.655647,0.664611
0.59844,0.643885,0.652802
0.600746,0.647784,0.656592
0.592721,0.640307,0.649172
0.592239,0.640355,0.64936
0.621691,0.664291,0.673481
0.634872,0.675409,0.684479
0.645318,0.685014,0.694215
0.633638,0.675013,0.684085
0.617124,0.660463,0.669516
0.599261,0.644873,0.653887
0.599311,0.646596,0.655509
0.593842,0.642126,0.651074
0.642202,0.682918,0.692242
0.69158,0.728186,0.737979
0.729889,0.762929,0.773271
0.687005,0.723367,0.732983
0.63502,0.677236,0.686349
0.603429,0.647581,0.656389
0.597372,0.643815,0.652654
0.593063,0.640779,0.649722
0.650373,0.689537,0.69881
0.72765,0.760572,0.770775
0.814315,0.837507,0.849765
0.729051,0.761984,0.772384
0.645579,0.68588,0.695182
0.609223,0.652854,0.661774
0.592305,0.638935,0.647836
0.590517,0.638609,0.647503
0.637429,0.678414,0.687628
0.688939,0.725469,0.735158
0.733001,0.766603,0.776953
0.687238,0.724172,0.733971
0.632787,0.67446,0.683592
0.600426,0.645441,0.654352
0.590494,0.637077,0.645977
0.585872,0.633743,0.642561
0.616869,0.660011,0.669082
0.628316,0.669231,0.67814
0.646574,0.687192,0.696386
0.626363,0.667532,0.676437
0.609683,0.653331,0.662354
0.596048,0.641749,0.650544
0.587081,0.635449,0.64423
0.584667,0.633124,0.642022
0.591429,0.636462,0.645281
0.600797,0.646378,0.655252
0.606156,0.650956,0.659778
0.598947,0.643866,0.652709
0.591941,0.63844,0.647289
0.591517,0.638861,0.647552
0.589068,0.637967,0.646889
0.588117,0.637385,0.646267
0.592118,0.639888,0.648777
0.596643,0.643826,0.652651
0.584605,0.630833,0.639539
0.586909,0.633928,0.642739
0.587497,0.635743,0.644507
0.583215,0.632352,0.641088
0.586138,0.6353,0.644216
0.586894,0.636813,0.645653
0.593802,0.643033,0.651971
0.584729,0.63318,0.641898
0.59096,0.637458,0.646479
0.582541,0.631627,0.6404
0.585451,0.63434,0.643146
0.589094,0.638313,0.647196
0.580567,0.62997,0.638767
0.588997,0.638672,0.647554
0.59117,0.639952,0.648767
0.59081,0.640996,0.649697
0.585845,0.635719,0.644517
0.583188,0.632876,0.641615
0.581159,0.630556,0.639445
0.582319,0.633158,0.641994
0.581535,0.632002,0.640748
0.585913,0.637304,0.646175
0.587312,0.636978,0.645781
0.586721,0.636189,0.645123
0.584251,0.634064,0.643005
0.585929,0.636087,0.644986
0.584124,0.634269,0.643099
0.582301,0.633003,0.641634
0.581401,0.633076,0.641676
0.586213,0.638458,0.647219
0.589865,0.63854,0.64742
0.58894,0.636611,0.645321
0.593447,0.641963,0.650816
0.590425,0.637874,0.64665
0.591655,0.639206,0.648175
0.593214,0.642183,0.650986
0.599174,0.647577,0.656792
0.589005,0.638031,0.647117
0.599668,0.645973,0.655087
0.603917,0.649902,0.658955
0.599677,0.646009,0.654981
0.594004,0.639565,0.648433
0.599878,0.645845,0.654924
0.599573,0.64679,0.655748
0.592313,0.639236,0.648225
0.595296,0.642669,0.651721
0.609647,0.655331,0.664452
0.603165,0.649506,0.658447
0.613015,0.656909,0.666045
0.614933,0.658969,0.668196
0.609453,0.653993,0.662915
0.601527,0.647261,0.656193
0.596634,0.643516,0.652438
0.603134,0.650497,0.659628
0.603462,0.649043,0.657757
0.622067,0.665368,0.674525
0.633606,0.674236,0.683394
0.642349,0.68214,0.691335
0.637253,0.679043,0.688206
0.613177,0.656744,0.665672
0.604858,0.650611,0.659316
0.596363,0.642912,0.651792
0.613729,0.657657,0.666578
0.638446,0.680491,0.689525
0.692398,0.729625,0.739377
0.729566,0.762678,0.77298
0.689274,0.726282,0.735932
0.633653,0.674446,0.683519
0.604978,0.649639,0.658645
0.601959,0.647913,0.656866
0.615582,0.658442,0.667556
0.646432,0.686299,0.695454
0.729838,0.762383,0.772767
0.813879,0.837321,0.84959
0.72843,0.761849,0.77204
0.650196,0.691221,0.700486
0.604158,0.648427,0.657336
0.60256,0.648823,0.657799
0.609098,0.652781,0.661674
0.637256,0.679371,0.688525
0.687372,0.723797,0.733599
0.731666,0.765312,0.775718
0.688194,0.725122,0.734842
0.629703,0.671597,0.680602
0.60232,0.646908,0.655654
0.59804,0.644671,0.653668
0.597925,0.643281,0.652198
0.611728,0.655311,0.66427
0.629742,0.671276,0.680174
0.642113,0.682385,0.691609
0.625129,0.666525,0.675498
0.612111,0.657061,0.665912
0.595881,0.641918,0.65072
0.596122,0.643123,0.652091
0.593855,0.640866,0.649767
0.599449,0.645224,0.654239
0.6007,0.645098,0.65402
0.606498,0.651978,0.66087
0.594969,0.640188,0.648933
0.588857,0.635675,0.644386
0.584101,0.632289,0.640946
0.585645,0.633605,0.642365
0.582205,0.629907,0.638693
0.586298,0.633852,0.642755
0.588762,0.636022,0.644807
0.59049,0.638495,0.647307
0.584859,0.631674,0.640564
0.59235,0.640387,0.649366
0.590858,0.639452,0.648317
0.580334,0.629723,0.63822
0.582037,0.631281,0.640071
0.590655,0.639471,0.648301
0.588819,0.637808,0.646649
0.586536,0.635583,0.644276
0.582054,0.631297,0.639936
0.584501,0.633079,0.642061
0.589781,0.638708,0.647645
0.586996,0.636819,0.645724
0.585762,0.635532,0.644201
0.584383,0.634297,0.642998
0.591683,0.641544,0.650525
0.585702,0.634837,0.643544
0.577731,0.628207,0.636898
0.579557,0.629772,0.638437
0.592128,0.642096,0.651021
0.586209,0.637046,0.645712
0.588029,0.638142,0.647092
0.589802,0.639581,0.648539
0.59177,0.641056,0.650092
0.57974,0.6304,0.639191
0.583554,0.635283,0.644073
0.586892,0.638111,0.646752
0.58448,0.635596,0.644328
0.582367,0.63342,0.642182
0.58842,0.637146,0.645991
0.588964,0.637449,0.646416
0.592214,0.640655,0.649589
0.588928,0.637492,0.646423
0.587162,0.635196,0.64397
0.590935,0.639178,0.648045
0.595042,0.642559,0.651442
0.596269,0.643896,0.652889
0.602815,0.650109,0.659111
0.596512,0.643664,0.652628
0.598602,0.645688,0.654574
0.601317,0.647066,0.656116
0.601456,0.647575,0.656748
0.604347,0.651045,0.660069
0.600243,0.646708,0.655658
0.601005,0.647805,0.656959
0.593177,0.640765,0.649605
0.599846,0.646367,0.65545
0.600315,0.64618,0.654865
0.609621,0.654482,0.663476
0.607873,0.652363,0.661339
0.605882,0.649401,0.658398
0.600768,0.646015,0.654974
0.597258,0.642736,0.651704
0.596194,0.643096,0.651809
0.608023,0.653153,0.66226
0.616605,0.659605,0.668512
0.637101,0.678161,0.687391
0.648524,0.689109,0.698396
0.636689,0.677909,0.687015
0.620111,0.6638,0.672858
0.612273,0.657571,0.666837
0.592311,0.639866,0.64862
0.607431,0.651037,0.659987
0.637921,0.679359,0.68857
0.685926,0.722189,0.731912
0.735745,0.768968,0.779567
0.689655,0.72634,0.736034
0.639658,0.681496,0.690669
0.608476,0.652076,0.66101
0.599508,0.645162,0.654023
0.609591,0.654191,0.6631
0.647468,0.68744,0.696675
0.729976,0.763523,0.773839
0.813629,0.837154,0.849375
0.728641,0.761484,0.771884
0.645564,0.685198,0.69442
0.611358,0.655623,0.664543
0.594368,0.641812,0.650428
0.606416,0.651449,0.660387
0.634819,0.67597,0.685143
0.687597,0.724789,0.734412
0.727512,0.760707,0.771024
0.683377,0.719937,0.729429
0.628125,0.669002,0.678159
0.608026,0.651935,0.660975
0.587024,0.633948,0.642867
0.592574,0.638884,0.647744
0.605442,0.64957,0.658382
0.628212,0.669872,0.678948
0.642312,0.682664,0.691755
0.629027,0.671317,0.680226
0.616594,0.660075,0.669056
0.595696,0.641328,0.650356
0.586636,0.634346,0.643369
0.591069,0.638904,0.647613
0.595989,0.642548,0.651483
0.601061,0.64645,0.655345
0.599376,0.643431,0.652326
0.60304,0.648386,0.657225
0.587307,0.632975,0.641817
0.587892,0.635593,0.644389
0.586786,0.636746,0.645425
0.59262,0.641657,0.650429
0.586526,0.634881,0.643662
0.589806,0.636517,0.645469
0.588076,0.636286,0.644941
0.583982,0.631863,0.640627
0.583983,0.632259,0.640874
0.588695,0.63691,0.645895
0.58227,0.630895,0.639747
0.590847,0.640755,0.649519
0.590214,0.639924,0.648903
0.584019,0.6327,0.641416
0.588838,0.638605,0.647498
0.586378,0.635833,0.644631
0.58697,0.636293,0.645108
0.591411,0.640181,0.649043
0.584815,0.634507,0.643268
0.587074,0.636973,0.645771
0.586879,0.637038,0.645959
0.580257,0.629787,0.638622
0.582626,0.632917,0.641675
0.584418,0.634107,0.642912
0.582405,0.63313,0.641987
0.583508,0.632343,0.641219
0.586357,0.637024,0.645758
0.590865,0.641938,0.650799
0.588844,0.63979,0.648738
0.579501,0.63109,0.639847
0.587999,0.638198,0.647116
0.582954,0.634057,0.642834
0.584464,0.635157,0.643928
0.583066,0.633254,0.642114
0.585361,0.635238,0.643986
0.590733,0.639584,0.64853
0.594003,0.642572,0.651511
0.600444,0.6484,0.657501
0.588741,0.636641,0.645459
0.592847,0.640301,0.649117
0.60038,0.647222,0.656233
0.593349,0.641331,0.650178
0.59862,0.64634,0.655465
0.596472,0.644607,0.653561
0.600106,0.647771,0.656739
0.596858,0.643707,0.652591
0.599455,0.645195,0.654053
0.604733,0.64938,0.658538
0.606413,0.65197,0.661053
0.606328,0.65236,0.66144
0.590146,0.638548,0.647475
0.603584,0.650832,0.659947
0.596052,0.642564,0.651455
0.598117,0.643839,0.652745
0.61226,0.656613,0.665727
0.609506,0.654345,0.66315
0.616123,0.660058,0.669111
0.604236,0.648797,0.65776
0.59508,0.643098,0.65172
0.593805,0.640541,0.649412
0.599617,0.645404,0.654291
0.616786,0.660075,0.669218
0.634028,0.675271,0.684434
0.647973,0.687894,0.697154
0.641657,0.682961,0.692186
0.622052,0.664733,0.673889
0.594621,0.642717,0.651576
0.601448,0.648353,0.657303
0.602652,0.647349,0.655925
0.631891,0.672124,0.681418
0.692257,0.729489,0.739213
0.729424,0.762082,0.77246
0.692362,0.728476,0.738153
0.643238,0.684876,0.694069
0.59378,0.641329,0.650347
0.596195,0.64255,0.651267
0.611634,0.655812,0.664746
0.649685,0.6905,0.699734
0.727789,0.760946,0.771178
0.814295,0.837731,0.850025
0.729868,0.762731,0.773125
0.651058,0.691159,0.700221
0.592196,0.639818,0.648668
0.590656,0.637489,0.646374
0.60702,0.65191,0.660816
0.628009,0.669016,0.677938
0.685822,0.722877,0.73248
0.731567,0.764989,0.775327
0.686697,0.722858,0.732493
0.638359,0.68005,0.689193
0.586546,0.634056,0.643008
0.595723,0.643041,0.652062
0.596564,0.64192,0.65075
0.606361,0.650627,0.659565
0.630084,0.671301,0.68025
0.643567,0.683373,0.692537
0.634575,0.67592,0.684969
0.611866,0.655944,0.664771
0.57641,0.626399,0.634999
0.583838,0.632863,0.641726
0.596837,0.64496,0.653681
0.59682,0.642535,0.651471
0.598736,0.644509,0.653126
0.601664,0.646428,0.65529
0.605126,0.649922,0.658743
0.591498,0.637651,0.64625
0.585907,0.635391,0.64419
0.583823,0.633223,0.642108
0.587537,0.635723,0.644642
0.590145,0.637511,0.646493
0.591752,0.639207,0.648029
0.588863,0.635629,0.644512
0.594943,0.642442,0.651205
0.589338,0.637118,0.645919
0.584325,0.633869,0.642747
0.589067,0.638312,0.64731
0.580255,0.628844,0.637781
0.587554,0.636976,0.645654
0.582464,0.631227,0.639936
0.589125,0.637753,0.646576
0.590156,0.63862,0.647525
0.588031,0.636655,0.645484
0.58841,0.638865,0.647854
0.585933,0.637275,0.645996
0.586781,0.63654,0.645283
0.586552,0.636832,0.645651
0.585263,0.63481,0.643661
0.58555,0.635305,0.644205
0.586786,0.636961,0.645878
0.586221,0.636226,0.645097
0.57875,0.629979,0.638844
0.582892,0.633823,0.642595
0.584861,0.636842,0.645572
0.583131,0.633268,0.6419
0.582927,0.633096,0.642102
0.586721,0.636654,0.645611
0.586837,0.637878,0.64671
0.590295,0.640398,0.64933
0.585598,0.635504,0.644434
0.593702,0.642913,0.651912
0.589358,0.638031,0.647031
0.590685,0.638403,0.647188
0.590171,0.63759,0.646514
0.59508,0.642202,0.651355
0.596398,0.642815,0.651825
0.59323,0.639783,0.64865
0.591857,0.641395,0.650143
0.594091,0.642769,0.651712
0.591435,0.639445,0.648523
0.593799,0.641779,0.65064
0.59771,0.644905,0.65378
0.600424,0.647093,0.655983
0.602054,0.646416,0.655324
0.60666,0.651795,0.660961
0.591677,0.6406,0.649457
0.599748,0.648372,0.657267
0.595474,0.64242,0.651305
0.596201,0.64282,0.651669
0.600347,0.646203,0.655136
0.616773,0.660947,0.670118
0.615649,0.659754,0.668745
0.616301,0.660017,0.669002
0.594032,0.642537,0.651545
0.599966,0.647453,0.656441
0.594187,0.640622,0.649588
0.601044,0.646874,0.655878
0.619344,0.661829,0.670982
0.638285,0.679269,0.688425
0.642499,0.680592,0.689785
0.641333,0.68224,0.691494
0.587073,0.635647,0.644456
0.585296,0.632631,0.641529
0.602503,0.649027,0.658045
0.607332,0.651331,0.660255
0.635921,0.677245,0.686362
0.687808,0.724334,0.733856
0.732429,0.765537,0.775954
0.690989,0.726896,0.736649
0.590924,0.639323,0.648336
0.592832,0.641513,0.65019
0.594446,0.641043,0.649909
0.60992,0.654179,0.663145
0.648231,0.687726,0.697072
0.728894,0.761553,0.771741
0.812641,0.83572,0.847923
0.736453,0.769494,0.780142
0.583006,0.632746,0.641402
0.587021,0.636051,0.644707
0.588561,0.635235,0.64405
0.603138,0.6482,0.657184
0.629025,0.670566,0.679683
0.68657,0.723394,0.732912
0.729231,0.761862,0.772143
0.692161,0.728776,0.738516
0.590128,0.639777,0.648379
0.585081,0.632659,0.64163
0.590115,0.637073,0.645979
0.590546,0.635944,0.644834
0.605559,0.649059,0.65785
0.635722,0.677221,0.686483
0.647658,0.687797,0.696922
0.635733,0.676287,0.685539
0.587991,0.638652,0.647465
0.584939,0.634953,0.643533
0.591668,0.639699,0.648692
0.590519,0.63724,0.645937
0.59383,0.640348,0.649169
0.599839,0.644839,0.653578
0.606648,0.650971,0.659897
0.605453,0.65003,0.658979
0.586318,0.636505,0.645283
0.584163,0.633438,0.642209
0.585239,0.633734,0.642799
0.585914,0.634488,0.643176
0.582104,0.629509,0.638331
0.590134,0.637484,0.646243
0.594024,0.641827,0.650652
0.591891,0.639258,0.648194
0.588298,0.639064,0.647846
0.583181,0.632407,0.641296
0.585422,0.634743,0.643535
0.584616,0.633817,0.642762
0.586748,0.635368,0.644216
0.5911,0.640601,0.649517
0.587747,0.635384,0.644284
0.583501,0.631644,0.640517
0.589629,0.640458,0.649395
0.583811,0.634796,0.643521
0.588573,0.638817,0.647624
0.590472,0.639991,0.648854
0.59471,0.64415,0.653213
0.583895,0.633075,0.641905
0.585575,0.633653,0.642389
0.593365,0.642728,0.651453
0.578525,0.629674,0.638542
0.582186,0.63341,0.642106
0.58187,0.633164,0.641877
0.584117,0.634324,0.643216
0.58853,0.638507,0.647378
0.590099,0.639775,0.648673
0.592348,0.642202,0.651183
0.588449,0.637931,0.64676
0.588187,0.6393,0.648089
0.587324,0.638238,0.647115
0.583876,0.63509,0.643818
0.585893,0.636602,0.645324
0.597033,0.646144,0.655144
0.596317,0.644273,0.65339
0.588412,0.637652,0.646471
0.590543,0.639183,0.647975
0.594859,0.646778,0.655612
0.587136,0.638229,0.64702
0.583739,0.634127,0.642983
0.604872,0.655044,0.664095
0.602068,0.650171,0.659376
0.598367,0.645767,0.654827
0.606101,0.653404,0.662444
0.604188,0.650547,0.659663
0.590728,0.640672,0.649651
0.594516,0.644447,0.653522
0.595612,0.645101,0.654028
0.597845,0.647615,0.656593
0.601212,0.649681,0.658539
0.603391,0.650479,0.659246
0.619125,0.66402,0.673189
0.61227,0.656349,0.66534
0.581238,0.632237,0.640735
0.594691,0.644825,0.653667
0.597514,0.647649,0.656595
0.594941,0.643354,0.652207
0.603956,0.649937,0.659009
0.619035,0.663483,0.672578
0.63742,0.679525,0.688714
0.660195,0.701544,0.711054
0.585175,0.636524,0.645287
0.582074,0.633517,0.642138
0.585803,0.635668,0.644179
0.586881,0.636187,0.644622
0.610987,0.657295,0.666102
0.638113,0.679892,0.689123
0.694063,0.731418,0.741168
0.738056,0.772029,0.782536
0.578901,0.629592,0.638308
0.588055,0.638661,0.647306
0.582754,0.632195,0.64094
0.59925,0.646637,0.655599
0.608915,0.654498,0.663385
0.649189,0.689902,0.699127
0.738298,0.772381,0.783071
0.818841,0.842214,0.854749
0.583827,0.63456,0.643123
0.588792,0.640415,0.649246
0.583295,0.633395,0.642152
0.583983,0.632558,0.641127
0.606237,0.651402,0.660461
0.637112,0.679305,0.688608
0.692044,0.729502,0.739248
0.738957,0.773189,0.783782
0.5853,0.637432,0.646001
0.586298,0.63811,0.647014
0.584309,0.63489,0.643496
0.581512,0.630734,0.639428
0.599198,0.645891,0.654811
0.614882,0.659979,0.669043
0.639229,0.681851,0.691137
0.649032,0.690398,0.699739
0.580864,0.633008,0.64154
0.570821,0.622642,0.631205
0.5813,0.632153,0.640701
0.581248,0.632238,0.640743
0.586326,0.635163,0.644096
0.588739,0.635946,0.644623
0.602693,0.648708,0.657638
0.611027,0.656994,0.666005
0.580998,0.633412,0.642056
0.572144,0.624589,0.633036
0.590491,0.641687,0.65039
0.59007,0.641296,0.650178
0.590351,0.640382,0.649142
0.593837,0.64264,0.651478
0.593911,0.641867,0.650855
0.585164,0.633376,0.642091
0.579877,0.633038,0.641635
0.587981,0.640162,0.64876
0.584141,0.635927,0.644652
0.584623,0.636188,0.644868
0.584594,0.635886,0.644599
0.579779,0.630744,0.639347
0.58539,0.636192,0.64509
0.59045,0.640352,0.649185
0.582334,0.634857,0.643639
0.579621,0.631234,0.640042
0.580398,0.632512,0.641077
0.582765,0.635135,0.643811
0.580873,0.633552,0.642054
0.584997,0.637101,0.645646
0.585583,0.637194,0.645947
0.583877,0.633811,0.642793
0.571995,0.625523,0.633903
0.582872,0.637004,0.64551
0.581641,0.636138,0.644527
0.579101,0.631913,0.640523
0.579818,0.632736,0.641358
0.583444,0.635085,0.643713
0.57868,0.629616,0.638459
0.586343,0.638381,0.647055
0.58581,0.639416,0.647947
0.575468,0.630369,0.638813
0.583478,0.637671,0.646121
0.585415,0.64037,0.648966
0.57637,0.63157,0.639723
0.574907,0.629981,0.638418
0.570311,0.625472,0.633796
0.571732,0.629045,0.63699
0.592217,0.643648,0.652465
0.584331,0.636634,0.645256
0.57752,0.630348,0.638931
0.58337,0.636952,0.645394
0.577722,0.632023,0.640495
0.580675,0.63413,0.642867
0.580116,0.634797,0.643271
0.586751,0.641789,0.650479
0.584779,0.635918,0.644415
0.5894,0.63999,0.648653
0.585087,0.635776,0.644441
0.584096,0.635977,0.644748
0.594105,0.64644,0.655326
0.572177,0.626297,0.634625
0.585422,0.639501,0.648113
0.579631,0.633411,0.641812
0.614321,0.661341,0.670399
0.607526,0.655631,0.66446
0.59761,0.647563,0.656274
0.591038,0.642344,0.650996
0.590919,0.642851,0.651786
0.582242,0.635852,0.644363
0.590222,0.64341,0.652076
0.585976,0.640116,0.648811
0.661017,0.703783,0.713324
0.643582,0.688713,0.697922
0.61103,0.658374,0.667239
0.585964,0.63547,0.643823
0.586312,0.638052,0.646498
0.575611,0.628659,0.637188
0.576357,0.630021,0.638332
0.577295,0.632095,0.640536
0.75019,0.785043,0.796213
0.706964,0.746111,0.756555
0.645138,0.689236,0.698647
0.602893,0.651094,0.659932
0.595688,0.646996,0.655834
0.582048,0.634643,0.643267
0.57338,0.62687,0.635086
0.580946,0.635679,0.644195
0.833456,0.858263,0.871547
0.745432,0.78035,0.791308
0.657781,0.701332,0.71086
0.612621,0.659927,0.668838
0.59813,0.648775,0.657738
0.580322,0.633847,0.642154
0.579123,0.633859,0.642192
0.58224,0.636286,0.644736
0.744907,0.779407,0.790436
0.704728,0.743391,0.753681
0.644775,0.689018,0.69828
0.609613,0.656523,0.665707
0.59656,0.646876,0.655743
0.592324,0.644152,0.65288
0.596377,0.649448,0.65822
0.580272,0.634511,0.642824
0.655182,0.697467,0.706872
0.640461,0.683979,0.693333
0.611825,0.659432,0.668263
0.589214,0.63808,0.646802
0.588436,0.640459,0.649129
0.581732,0.634912,0.643485
0.576418,0.631272,0.639851
0.572848,0.627617,0.635676
0.612833,0.659489,0.668593
0.6036,0.651223,0.660161
0.598487,0.648707,0.657543
0.587618,0.638856,0.647426
0.589262,0.640885,0.649554
0.579359,0.632845,0.641251
0.575097,0.629252,0.637615
0.594147,0.648421,0.656981
0.59225,0.642905,0.65163
0.591327,0.642353,0.651152
0.587844,0.639143,0.647778
0.580023,0.632279,0.640748
0.587723,0.641233,0.649845
0.585678,0.638973,0.647646
0.576073,0.631221,0.639678
0.578029,0.633209,0.641605
0.590201,0.641245,0.650016
0.594122,0.645647,0.654452
0.589902,0.642788,0.651612
0.581906,0.63588,0.644452
0.585903,0.639935,0.648491
0.583008,0.638156,0.646342
0.572484,0.627282,0.635584
0.575753,0.630355,0.638648
0.583532,0.635803,0.644602
0.581826,0.634428,0.643147
0.574657,0.628486,0.636735
0.577631,0.632254,0.64047
0.576272,0.630029,0.638699
0.572411,0.626768,0.635334
0.571041,0.628252,0.636282
0.576272,0.631576,0.639979
0.588253,0.636308,0.645283
0.582791,0.631636,0.640512
0.584834,0.633748,0.642575
0.586974,0.635623,0.644583
0.588816,0.638221,0.647162
0.584473,0.634121,0.642877
0.589262,0.639775,0.648631
0.592189,0.643644,0.652599
0.590042,0.636355,0.645288
0.599697,0.646981,0.656059
0.593226,0.641329,0.650123
0.589177,0.638382,0.647352
0.591922,0.641414,0.650329
0.586,0.635812,0.644558
0.584397,0.633991,0.642591
0.593417,0.643603,0.652572
0.597385,0.643672,0.652706
0.594551,0.640417,0.649277
0.594131,0.640061,0.648993
0.588172,0.635369,0.644119
0.594156,0.642135,0.650906
0.598963,0.646506,0.655687
0.593143,0.642437,0.65142
0.584806,0.634385,0.643149
0.609361,0.653828,0.662812
0.610839,0.654312,0.66317
0.607274,0.652329,0.66134
0.603751,0.649215,0.658382
0.59625,0.642197,0.651213
0.597126,0.64444,0.653539
0.592753,0.642044,0.650918
0.592105,0.640555,0.649485
0.634434,0.6751,0.684223
0.647839,0.687714,0.696943
0.63473,0.676218,0.685281
0.60996,0.654618,0.663429
0.600126,0.645268,0.654072
0.592912,0.64043,0.649263
0.59607,0.644999,0.653934
0.581366,0.631482,0.640131
0.692993,0.72864,0.738483
0.730012,0.763138,0.773427
0.689613,0.725931,0.735675
0.634451,0.67497,0.684138
0.606107,0.64974,0.658815
0.591371,0.637395,0.646433
0.593567,0.641427,0.650569
0.590331,0.639771,0.648689
0.73202,0.764643,0.775055
0.814675,0.838018,0.850176
0.730292,0.763486,0.773779
0.64727,0.687721,0.696983
0.602413,0.6466,0.655414
0.595163,0.6414,0.650365
0.584359,0.632565,0.641217
0.581003,0.630529,0.639355
0.691757,0.728145,0.737886
0.736026,0.769404,0.779945
0.691251,0.727835,0.737579
0.634664,0.675739,0.684951
0.603923,0.648976,0.657705
0.592761,0.639244,0.648196
0.587981,0.636072,0.64496
0.587273,0.636588,0.645569
0.63586,0.676261,0.685267
0.64884,0.688943,0.6981
0.634883,0.676197,0.68523
0.613684,0.658057,0.666927
0.592608,0.638436,0.647179
0.589752,0.637111,0.645788
0.5956,0.643007,0.65206
0.58745,0.636798,0.645732
0.608212,0.652647,0.661521
0.611344,0.655554,0.664484
0.60411,0.648195,0.657152
0.597079,0.642372,0.651289
0.592736,0.638958,0.647913
0.596504,0.643461,0.652409
0.584512,0.632303,0.641144
0.594984,0.644373,0.653348
0.599543,0.646107,0.655191
0.595974,0.642548,0.651559
0.587224,0.633693,0.64248
0.590369,0.637965,0.646866
0.594937,0.643811,0.652809
0.592764,0.640753,0.649785
0.591996,0.641522,0.65046
0.596841,0.646021,0.654831
0.598237,0.644879,0.654031
0.599638,0.646957,0.655781
0.597389,0.645021,0.65391
0.594374,0.643152,0.652017
0.584447,0.633918,0.642806
0.588633,0.637392,0.64619
0.598499,0.647301,0.656448
0.592239,0.643262,0.65194
0.59055,0.638966,0.647905
0.590184,0.638198,0.647233
0.590579,0.638949,0.648091
0.584929,0.634699,0.643587
0.588651,0.63813,0.647084
0.589354,0.639485,0.648399
0.58214,0.632332,0.641032
0.587307,0.637117,0.646037
0.585278,0.634064,0.642872
0.592696,0.64116,0.650263
0.592959,0.64137,0.650342
0.5868,0.636907,0.645502
0.589202,0.639548,0.648312
0.5891,0.639176,0.648202
0.585937,0.636553,0.64536
0.577643,0.6284,0.637126
0.595314,0.643424,0.652252
0.594192,0.640887,0.649866
0.59235,0.639772,0.648727
0.592514,0.640129,0.648901
0.595189,0.642989,0.652066
0.593227,0.642911,0.65167
0.592202,0.641013,0.650061
0.580612,0.630826,0.639671
0.591448,0.638219,0.646948
0.600856,0.647412,0.656217
0.600059,0.646194,0.655226
0.587885,0.633949,0.642736
0.589417,0.637093,0.645986
0.592208,0.639892,0.648768
0.59073,0.639224,0.64801
0.59418,0.64314,0.652094
0.605581,0.650909,0.659907
0.603666,0.648624,0.657318
0.607531,0.650842,0.659824
0.611873,0.656278,0.665363
0.603876,0.64944,0.658497
0.59651,0.643613,0.652468
0.592018,0.640198,0.649163
0.589092,0.63869,0.647275
0.614765,0.657799,0.666842
0.636774,0.67779,0.686776
0.644641,0.684704,0.69391
0.631692,0.673381,0.682458
0.608728,0.652404,0.661289
0.593432,0.639284,0.648151
0.586959,0.633948,0.642739
0.582226,0.630841,0.6397
0.637904,0.678728,0.687894
0.685015,0.721362,0.730893
0.729323,0.762227,0.772542
0.689145,0.726128,0.735828
0.634328,0.67539,0.684476
0.606793,0.651338,0.66032
0.59336,0.63942,0.648392
0.592784,0.640537,0.649501
0.651805,0.691955,0.701155
0.732439,0.76575,0.776048
0.814619,0.838193,0.850371
0.732211,0.765688,0.776104
0.644689,0.684609,0.693813
0.60596,0.649643,0.658659
0.589607,0.63666,0.645436
0.586237,0.634015,0.642775
0.638543,0.6793,0.688507
0.687388,0.723899,0.733625
0.732937,0.766381,0.776789
0.68731,0.723814,0.733526
0.633401,0.674464,0.683515
0.601454,0.645685,0.654634
0.598789,0.646457,0.655301
0.587821,0.636324,0.64508
0.616293,0.659496,0.668466
0.63484,0.675979,0.685142
0.647783,0.688708,0.697919
0.625853,0.66747,0.676276
0.609394,0.654015,0.663114
0.593737,0.640084,0.648947
0.58711,0.633973,0.64285
0.59068,0.638927,0.647779
0.605025,0.650054,0.65921
0.608154,0.653181,0.662064
0.609553,0.653776,0.662744
0.605127,0.650103,0.658981
0.600637,0.646555,0.65542
0.596986,0.644467,0.653471
0.596645,0.645707,0.65453
0.585393,0.634143,0.643035
0.604864,0.651051,0.660184
0.597426,0.643628,0.652769
0.592031,0.638047,0.646879
0.589083,0.636047,0.64482
0.594062,0.64165,0.650682
0.600361,0.647963,0.657069
0.591251,0.640013,0.64903
0.598136,0.647118,0.656307
0.593541,0.64308,0.65171
0.60035,0.647692,0.656799
0.596446,0.64382,0.652843
0.595936,0.64452,0.653539
0.58638,0.634757,0.643693
0.58986,0.63926,0.64803
0.594202,0.644202,0.653182
0.589867,0.638303,0.647264
0.593129,0.641146,0.650203
0.593941,0.643139,0.652132
0.587355,0.63713,0.645922
0.590675,0.640567,0.649502
0.586202,0.634719,0.643751
0.594347,0.64443,0.65341
0.586446,0.636899,0.645745
0.590974,0.641272,0.650186
0.588137,0.636603,0.64566
0.588905,0.637388,0.646302
0.5893,0.638852,0.647654
0.585091,0.634225,0.642925
0.579461,0.62943,0.638339
0.585672,0.634826,0.643557
0.589495,0.639025,0.64791
0.583345,0.634178,0.642793
0.591933,0.640674,0.649616
0.594234,0.642255,0.651227
0.587801,0.635095,0.644017
0.59448,0.642945,0.651804
0.577553,0.626819,0.635464
0.586572,0.635409,0.644156
0.592437,0.640943,0.649885
0.591041,0.640767,0.649709
0.593876,0.641268,0.650259
0.598937,0.64605,0.655011
0.592055,0.638239,0.647219
0.597534,0.644004,0.652781
0.591339,0.638667,0.647489
0.595989,0.643364,0.65223
0.587789,0.636098,0.644854
0.594557,0.643152,0.652167
0.599967,0.646694,0.655612
0.601904,0.64733,0.656297
0.599939,0.644066,0.652964
0.603009,0.647128,0.656024
0.604961,0.650132,0.658892
0.603937,0.649528,0.658368
0.593113,0.639737,0.648645
0.581829,0.630409,0.639098
0.605974,0.651616,0.660695
0.613215,0.656559,0.665411
0.634366,0.675694,0.684905
0.647652,0.688117,0.697582
0.632313,0.673797,0.682851
0.618025,0.661857,0.670815
0.595605,0.641118,0.649988
0.592442,0.63926,0.648207
0.607031,0.651352,0.6602
0.632284,0.673809,0.682895
0.684727,0.721223,0.730762
0.729258,0.762446,0.772681
0.68806,0.724929,0.734599
0.629496,0.670564,0.679711
0.601455,0.646318,0.655102
0.595862,0.64243,0.651274
0.609759,0.653861,0.662758
0.645663,0.685689,0.694973
0.727797,0.760591,0.770894
0.816022,0.839504,0.851872
0.726035,0.758855,0.769138
0.644673,0.684571,0.693872
0.605339,0.649372,0.658375
0.590477,0.637405,0.646246
0.612661,0.657083,0.665991
0.626489,0.666863,0.675907
0.694677,0.731842,0.741612
0.726819,0.759964,0.770144
0.681473,0.71775,0.727279
0.627554,0.668478,0.677573
0.59957,0.644473,0.653385
0.587723,0.634219,0.64298
0.591002,0.636548,0.64542
0.611524,0.655149,0.664066
0.631635,0.673253,0.682285
0.639184,0.679206,0.688259
0.631022,0.67329,0.682302
0.604938,0.64852,0.657361
0.594493,0.640598,0.649392
0.596673,0.644202,0.653023
0.595926,0.642705,0.651555
0.602083,0.64788,0.65694
0.601074,0.645623,0.654386
0.610282,0.654859,0.663789
0.605395,0.650212,0.659074
0.600961,0.647072,0.656036
0.589494,0.63711,0.645924
0.593358,0.641289,0.650226
0.60253,0.649546,0.658624
0.595502,0.641975,0.650941
0.588974,0.635421,0.644201
0.593025,0.639583,0.648432
0.588824,0.63573,0.644521
0.595856,0.643121,0.65206
0.591549,0.639145,0.647922
0.588347,0.636799,0.645829
0.592715,0.640711,0.649698
0.591156,0.639493,0.648334
0.592759,0.640982,0.650014
0.59147,0.639128,0.647998
0.588945,0.636886,0.645646
0.59525,0.643378,0.652271
0.585884,0.63416,0.642942
0.594816,0.643225,0.652036
0.586125,0.634335,0.643296
0.591091,0.639964,0.64887
0.58923,0.638284,0.647149
0.587131,0.637029,0.645842
0.58558,0.63537,0.644169
0.583918,0.633629,0.642387
0.584503,0.634952,0.643865
0.586658,0.636455,0.645215
0.58602,0.636031,0.644874
0.586263,0.635351,0.644171
0.593909,0.643134,0.652061
0.582385,0.631763,0.640642
0.585536,0.634803,0.643752
0.58831,0.637849,0.64682
0.590098,0.639305,0.648152
0.58997,0.639531,0.648183
0.581961,0.631286,0.640047
0.594637,0.642758,0.651714
0.592529,0.641294,0.650158
0.601402,0.649622,0.658647
0.592213,0.640199,0.649054
0.588811,0.635877,0.644833
0.599089,0.647899,0.656862
0.597245,0.645431,0.654582
0.598182,0.646576,0.655497
0.595452,0.643387,0.652283
0.595826,0.642948,0.651974
0.597536,0.64488,0.653863
0.588998,0.636228,0.645113
0.595402,0.642099,0.651158
0.594708,0.642423,0.651436
0.59815,0.645931,0.654773
0.592399,0.640037,0.648953
0.59637,0.643271,0.652267
0.596283,0.64228,0.650999
0.602746,0.647479,0.656388
0.610995,0.655935,0.66472
0.607015,0.652257,0.661147
0.606371,0.652175,0.661162
0.59019,0.636531,0.645374
0.59654,0.644638,0.653507
0.593849,0.639,0.647948
0.613118,0.656893,0.665845
0.630323,0.671838,0.680742
0.640254,0.68063,0.689794
0.637596,0.679528,0.688478
0.610415,0.654366,0.663252
0.600236,0.645856,0.654634
0.591062,0.637892,0.646714
0.60411,0.648519,0.657473
0.631355,0.671933,0.681009
0.685779,0.722734,0.732359
0.727868,0.761352,0.771482
0.68754,0.723958,0.733656
0.63242,0.67361,0.682664
0.610895,0.655685,0.664653
0.591078,0.637749,0.646663
0.607556,0.652135,0.661055
0.646831,0.687694,0.697016
0.727599,0.760693,0.770999
0.815866,0.839528,0.851864
0.728721,0.762015,0.772362
0.646689,0.687258,0.696444
0.616462,0.660692,0.669763
0.595511,0.642178,0.651095
0.60121,0.646011,0.654828
0.632426,0.674037,0.683332
0.689769,0.726703,0.736495
0.73125,0.76487,0.775287
0.690288,0.727133,0.736916
0.635246,0.677144,0.686364
0.610495,0.655359,0.664398
0.583901,0.630946,0.639676
0.596129,0.642232,0.651045
0.608977,0.653273,0.662064
0.630243,0.672322,0.681422
0.642789,0.683871,0.692968
0.629947,0.672222,0.681294
0.608382,0.651917,0.660729
0.597294,0.642463,0.651308
0.596689,0.643513,0.652665
0.595405,0.641894,0.650917
0.592326,0.638798,0.647519
0.60923,0.654427,0.663431
0.613766,0.658053,0.667081
0.605824,0.650298,0.659361
0.599897,0.645614,0.654422
0.589678,0.636656,0.64538
0.590223,0.638822,0.647631
0.602577,0.649808,0.658984
0.589383,0.636335,0.645249
0.594918,0.641705,0.650496
0.596673,0.642977,0.652042
0.59214,0.639608,0.648463
0.599585,0.647412,0.65632
0.596058,0.643233,0.652161
0.5877,0.636164,0.644992
0.591404,0.640082,0.649148
0.594688,0.642746,0.65179
0.593983,0.642273,0.651078
0.58298,0.631682,0.640265
0.597265,0.645569,0.654498
0.592376,0.639933,0.648889
0.597025,0.646453,0.655469
0.580036,0.629388,0.63806
0.586891,0.635705,0.644537
0.585509,0.635266,0.644056
0.591233,0.640855,0.649667
0.584024,0.633008,0.641733
0.586788,0.637101,0.645751
0.590305,0.639004,0.647852
0.590623,0.639927,0.648997
0.586016,0.635899,0.644881
0.586327,0.635987,0.6448
0.583744,0.633556,0.642299
0.581336,0.630941,0.639626
0.586646,0.63619,0.64493
0.592998,0.642105,0.651095
0.590538,0.639178,0.647814
0.592687,0.641508,0.650487
0.5895,0.638611,0.647477
0.593127,0.64155,0.650527
0.590264,0.639376,0.648197
0.590242,0.639269,0.64814
0.588742,0.636804,0.645784
0.592324,0.639603,0.648683
0.591192,0.639505,0.648544
0.59218,0.638974,0.647872
0.593493,0.643171,0.652051
0.594051,0.642724,0.651739
0.59509,0.642604,0.651642
0.59468,0.642459,0.651402
0.593636,0.640249,0.648938
0.595802,0.642078,0.651029
0.599126,0.64634,0.655342
0.594613,0.640593,0.64956
0.591212,0.639442,0.648371
0.594842,0.642358,0.651449
0.598188,0.645553,0.654524
0.599881,0.6456,0.654543
0.60592,0.650212,0.659182
0.607936,0.652387,0.661364
0.606223,0.650238,0.659135
0.605202,0.650434,0.659541
0.590031,0.639237,0.648178
0.591137,0.638032,0.646735
0.597127,0.642939,0.651655
0.609794,0.653459,0.662348
0.628565,0.670344,0.679195
0.641379,0.681116,0.690213
0.632701,0.67398,0.682919
0.618776,0.662347,0.671294
0.586352,0.634094,0.64304
0.595337,0.642373,0.651131
0.609082,0.654031,0.662973
0.632816,0.673906,0.683136
0.690361,0.72744,0.737006
0.728558,0.761326,0.771637
0.690942,0.727973,0.737743
0.636856,0.677601,0.686706
0.590028,0.63925,0.648026
0.597752,0.6445,0.653349
0.610445,0.65475,0.663786
0.642577,0.683161,0.69219
0.730759,0.763982,0.774472
0.810694,0.83401,0.846064
0.731175,0.764429,0.774901
0.646617,0.686054,0.695259
0.586278,0.634433,0.643145
0.591345,0.638072,0.646835
0.605333,0.651107,0.659951
0.62822,0.66952,0.678509
0.686948,0.723451,0.733157
0.726358,0.75894,0.769156
0.687811,0.724128,0.733803
0.633317,0.674441,0.68354
0.591323,0.640198,0.649117
0.594298,0.641685,0.650609
0.590912,0.636934,0.645567
0.602969,0.646936,0.655604
0.627492,0.66899,0.677901
0.645602,0.686192,0.695405
0.635956,0.676847,0.685976
0.617812,0.661901,0.670856
0.594017,0.642679,0.651437
0.594917,0.642803,0.651708
0.591446,0.638753,0.647628
0.597793,0.64365,0.652449
0.610368,0.655422,0.664488
0.612741,0.6573,0.666341
0.605177,0.650049,0.659058
0.597413,0.642258,0.651238
0.586165,0.635963,0.64467
0.601727,0.649939,0.659016
0.592243,0.640287,0.649215
0.592301,0.640049,0.648899
0.593404,0.63915,0.648235
0.594317,0.640639,0.649493
0.597649,0.645246,0.654259
0.591798,0.638838,0.647706
0.585012,0.634265,0.643146
0.582789,0.631338,0.640151
0.585184,0.634441,0.64293
0.589753,0.638467,0.647283
0.592753,0.640887,0.649949
0.581112,0.628898,0.637592
0.598831,0.646123,0.655025
0.589633,0.638069,0.64685
0.577647,0.627672,0.636363
0.577704,0.626981,0.635685
0.582912,0.632702,0.641557
0.591879,0.640615,0.649471
0.592591,0.642103,0.650996
0.589662,0.638649,0.647477
0.589958,0.638336,0.647135
0.588972,0.638581,0.647395
0.577331,0.628854,0.637355
0.59001,0.6412,0.649996
0.583988,0.633458,0.642341
0.591198,0.640279,0.649235
0.589257,0.638234,0.64711
0.586475,0.634791,0.643758
0.590458,0.637672,0.646644
0.592335,0.6414,0.650348
0.588262,0.637842,0.646759
0.585747,0.634861,0.643698
0.591844,0.641437,0.650396
0.585558,0.634244,0.643174
0.589663,0.637574,0.646562
0.591873,0.640188,0.649188
0.596976,0.644309,0.653108
0.591499,0.638233,0.647087
0.597686,0.647776,0.656573
0.594469,0.643801,0.652596
0.592649,0.64074,0.649751
0.594294,0.642508,0.65135
0.594406,0.641628,0.650661
0.596617,0.643387,0.652164
0.591937,0.637902,0.646678
0.602393,0.648385,0.65737
0.593386,0.642867,0.652
0.58855,0.637917,0.646861
0.594158,0.642121,0.650959
0.592027,0.638739,0.647558
0.59787,0.643525,0.652378
0.607075,0.651447,0.660456
0.60796,0.65178,0.660744
0.603661,0.647306,0.656294
0.590384,0.640231,0.649209
0.586348,0.635307,0.644201
0.593246,0.64057,0.649302
0.596273,0.642532,0.65128
0.612413,0.65596,0.665006
0.632397,0.673946,0.683086
0.6496,0.690366,0.699664
0.639823,0.680707,0.689904
0.591608,0.641067,0.650016
0.592651,0.641031,0.649982
0.58818,0.635055,0.643814
0.606544,0.651486,0.660334
0.631072,0.672665,0.681584
0.684534,0.721036,0.730541
0.7329,0.766017,0.776372
0.692733,0.729178,0.738913
0.59013,0.639055,0.647934
0.591694,0.639991,0.648966
0.594371,0.640411,0.649249
0.610941,0.654947,0.663922
0.644888,0.684848,0.694182
0.729977,0.762926,0.773445
0.81596,0.839204,0.851526
0.732379,0.765222,0.775641
0.593939,0.641918,0.650981
0.587195,0.635789,0.6445
0.597683,0.64419,0.653256
0.60476,0.649175,0.658176
0.633907,0.67547,0.684454
0.685956,0.722484,0.732127
0.726783,0.75975,0.769937
0.690354,0.726716,0.736368
0.584777,0.635272,0.643978
0.589972,0.63899,0.647825
0.590687,0.637643,0.64636
0.598144,0.643958,0.652672
0.610465,0.654259,0.663062
0.626388,0.667667,0.676663
0.64533,0.68583,0.695
0.636251,0.677487,0.686637
0.592595,0.641584,0.650551
0.595391,0.644161,0.653178
0.593063,0.641581,0.650341
0.586215,0.632958,0.641981
0.598287,0.643679,0.652715
0.606522,0.651121,0.660184
0.615047,0.659262,0.668352
0.605976,0.649298,0.658327
0.593494,0.642026,0.650898
0.590409,0.640113,0.648973
0.590811,0.638661,0.647617
0.588614,0.636713,0.645489
0.59369,0.64099,0.649859
0.590068,0.636992,0.645595
0.592915,0.63873,0.647455
0.600326,0.646809,0.655883
0.591017,0.641359,0.650203
0.590364,0.639253,0.64814
0.593388,0.642535,0.651366
0.588705,0.636677,0.645729
0.594529,0.643101,0.651901
0.592305,0.640135,0.648915
0.595348,0.642826,0.651825
0.597904,0.644657,0.653874
0.586595,0.637579,0.646455
0.583811,0.633255,0.64206
0.58276,0.632889,0.641806
0.58312,0.632274,0.641135
0.589869,0.640036,0.648967
0.587296,0.635669,0.644609
0.589595,0.638053,0.646966
0.593929,0.642456,0.651473
0.582201,0.635195,0.643806
0.578857,0.632456,0.64106
0.585742,0.638716,0.647405
0.57382,0.62553,0.634223
0.572061,0.624191,0.632708
0.578266,0.629923,0.638504
0.586513,0.638008,0.646617
0.588389,0.6383,0.647316
0.580332,0.632156,0.640779
0.586418,0.637986,0.646836
0.592232,0.644275,0.652971
0.585467,0.63577,0.644582
0.590387,0.641048,0.650018
0.593739,0.642961,0.651738
0.587021,0.636699,0.645564
0.593331,0.642231,0.651047
0.590652,0.642008,0.650874
0.581047,0.634031,0.642558
0.586201,0.637401,0.646208
0.588218,0.63883,0.647523
0.584114,0.633658,0.642272
0.588158,0.637017,0.645743
0.589234,0.636422,0.645239
0.595667,0.643553,0.652319
0.585138,0.636612,0.645373
0.591513,0.641417,0.650405
0.590255,0.640292,0.649086
0.591409,0.640834,0.649625
0.596602,0.644794,0.653809
0.604558,0.651322,0.660291
0.608986,0.654717,0.663905
0.612599,0.657935,0.667021
0.582215,0.634131,0.642852
0.587171,0.638062,0.646909
0.587908,0.63751,0.646566
0.591469,0.640364,0.64913
0.593355,0.640676,0.649399
0.61432,0.659917,0.668878
0.639402,0.681465,0.690714
0.652126,0.693543,0.702785
0.586516,0.637909,0.646827
0.58555,0.637277,0.646264
0.590355,0.638995,0.647776
0.592784,0.641183,0.649931
0.603023,0.648925,0.657819
0.639877,0.682794,0.692065
0.69631,0.733969,0.743862
0.735378,0.7686,0.779278
0.580861,0.633074,0.641458
0.588053,0.638571,0.647478
0.584305,0.634135,0.64275
0.58779,0.635991,0.644733
0.6102,0.655349,0.664324
0.652329,0.693848,0.703184
0.735243,0.768587,0.77911
0.820756,0.844419,0.85698
0.581909,0.632557,0.641147
0.5901,0.641215,0.6502
0.581887,0.632099,0.640763
0.59313,0.641897,0.650754
0.607364,0.653105,0.662239
0.63862,0.680645,0.68994
0.692561,0.729715,0.739506
0.738101,0.771509,0.782291
0.585777,0.638727,0.647234
0.577493,0.628769,0.637426
0.590838,0.641056,0.650031
0.585787,0.635378,0.644114
0.595116,0.641913,0.65074
0.614157,0.659518,0.668491
0.63566,0.678473,0.687597
0.650561,0.691208,0.700634
0.582199,0.634214,0.64282
0.592818,0.643943,0.652826
0.586644,0.637273,0.64612
0.595707,0.644786,0.653697
0.591056,0.639702,0.648501
0.592453,0.639251,0.648106
0.601135,0.64706,0.655888
0.608239,0.652485,0.661462
0.585672,0.637553,0.646265
0.582405,0.63368,0.642324
0.589559,0.639548,0.648454
0.592436,0.642111,0.650789
0.593724,0.642846,0.651755
0.596155,0.64453,0.653614
0.58812,0.635976,0.644708
0.596375,0.644297,0.653146
0.592341,0.644985,0.653913
0.589565,0.640935,0.649791
0.579275,0.631534,0.640116
0.587041,0.637962,0.646803
0.584037,0.634558,0.643383
0.594113,0.643788,0.652767
0.593816,0.642325,0.651322
0.596892,0.645471,0.654445
0.574507,0.628391,0.636845
0.582485,0.635587,0.644036
0.583037,0.634992,0.64364
0.5868,0.638799,0.647551
0.586929,0.638238,0.646983
0.584839,0.635586,0.644371
0.588829,0.638518,0.647392
0.587833,0.63816,0.647059
0.576778,0.630921,0.63935
0.574713,0.629879,0.638351
0.574297,0.629847,0.638176
0.578464,0.634507,0.642724
0.57679,0.632862,0.640919
0.58464,0.640628,0.649071
0.568495,0.626561,0.634548
0.569963,0.627062,0.635191
0.577743,0.631599,0.640201
0.578716,0.633542,0.642061
0.578893,0.632526,0.640905
0.571848,0.626569,0.634819
0.577839,0.632981,0.641313
0.580845,0.635691,0.644091
0.579926,0.63604,0.644263
0.577316,0.63422,0.64251
0.584206,0.63625,0.644893
0.580014,0.633144,0.641597
0.577979,0.631343,0.639768
0.579313,0.632073,0.640645
0.578447,0.632199,0.640542
0.582872,0.638286,0.646708
0.580659,0.637053,0.645442
0.576861,0.632946,0.641159
0.585817,0.635784,0.644584
0.59238,0.642566,0.651413
0.585385,0.637011,0.645494
0.5876,0.638435,0.647182
0.573995,0.628334,0.636615
0.576963,0.631563,0.639774
0.5692,0.624401,0.632531
0.578637,0.633687,0.642232
0.612337,0.660065,0.668963
0.603543,0.651518,0.660327
0.597451,0.64709,0.655893
0.586215,0.636934,0.645546
0.583483,0.634639,0.643299
0.573078,0.626459,0.634963
0.583721,0.638613,0.646857
0.572346,0.628457,0.636503
0.654895,0.697336,0.706884
0.640863,0.68475,0.694159
0.615201,0.66188,0.671
0.598085,0.648233,0.657121
0.584274,0.635491,0.644285
0.581416,0.634573,0.642978
0.574339,0.628708,0.63721
0.57338,0.6281,0.636433
0.748147,0.782995,0.794246
0.705203,0.744512,0.754712
0.642839,0.686775,0.696152
0.607619,0.656122,0.665102
0.594953,0.644806,0.653683
0.585114,0.637131,0.645864
0.588396,0.641943,0.650541
0.585685,0.63921,0.647854
0.829598,0.8542,0.867298
0.742154,0.776501,0.787521
0.652305,0.694974,0.704465
0.612258,0.660175,0.669148
0.598627,0.648816,0.657651
0.58784,0.640947,0.649504
0.584148,0.637584,0.646243
0.584823,0.638846,0.647242
0.743901,0.777747,0.788693
0.701563,0.739974,0.750143
0.641548,0.686284,0.695585
0.606365,0.654549,0.663288
0.597832,0.649598,0.658249
0.58592,0.638861,0.647318
0.579628,0.632929,0.641504
0.579868,0.633855,0.642446
0.665356,0.708365,0.717956
0.64156,0.685431,0.6948
0.620421,0.66676,0.676024
0.59357,0.641981,0.650657
0.592722,0.643764,0.65269
0.585986,0.638873,0.647543
0.585735,0.639317,0.648043
0.583616,0.637288,0.645869
0.624193,0.67104,0.680437
0.60899,0.656095,0.665159
0.600952,0.649614,0.658441
0.602123,0.652358,0.661399
0.593537,0.644763,0.653621
0.581436,0.63437,0.642981
0.590355,0.642738,0.651399
0.589979,0.643302,0.652142
0.599978,0.649156,0.65809
0.602431,0.651872,0.660847
0.597153,0.647324,0.656023
0.594086,0.645057,0.653715
0.587063,0.639111,0.647737
0.576072,0.629822,0.638392
0.585548,0.640281,0.648862
0.583885,0.638033,0.646578
0.593969,0.645168,0.654076
0.586386,0.637646,0.646283
0.580144,0.631834,0.640446
0.580456,0.632952,0.64148
0.582461,0.636535,0.645342
0.582899,0.637672,0.646262
0.58281,0.637503,0.645828
0.567383,0.62238,0.63062
0.585132,0.635233,0.64405
0.594744,0.645173,0.654272
0.581795,0.632323,0.641043
0.586989,0.637856,0.6465
0.587157,0.637026,0.645943
0.583258,0.633924,0.642801
0.581667,0.633593,0.642366
0.586039,0.637859,0.646752
0.585143,0.633856,0.642883
0.581492,0.631652,0.64035
0.58707,0.636885,0.645569
0.584251,0.633861,0.6428
0.59066,0.640444,0.649217
0.58008,0.630041,0.638755
0.584164,0.635628,0.644414
0.585777,0.637284,0.646086
0.595568,0.643361,0.652395
0.587647,0.636358,0.645122
0.585202,0.633982,0.642765
0.586052,0.63478,0.64367
0.588394,0.63764,0.646468
0.586607,0.635481,0.644508
0.581497,0.631895,0.640762
0.584037,0.634874,0.643642
0.588464,0.635197,0.643962
0.58572,0.632575,0.641369
0.594531,0.64207,0.650972
0.582371,0.629541,0.638387
0.595468,0.643746,0.652579
0.581109,0.629773,0.638752
0.578699,0.62871,0.63757
0.584738,0.635256,0.644071
0.607617,0.651574,0.660682
0.609375,0.654064,0.662871
0.601836,0.646865,0.655647
0.592773,0.63863,0.64748
0.592699,0.640145,0.649074
0.593676,0.642407,0.651339
0.578125,0.627882,0.636477
0.589368,0.639901,0.648736
0.634812,0.675391,0.684431
0.650504,0.691136,0.700278
0.629958,0.670548,0.679585
0.608233,0.653021,0.661713
0.597386,0.642197,0.651082
0.592408,0.640487,0.649541
0.58681,0.635476,0.644311
0.592217,0.641282,0.650196
0.691674,0.72769,0.737503
0.729143,0.761681,0.771929
0.695287,0.732393,0.742198
0.634094,0.675628,0.684705
0.599498,0.643672,0.6525
0.600952,0.647181,0.656384
0.587633,0.636301,0.645095
0.592619,0.641577,0.650586
0.73576,0.768755,0.779214
0.814135,0.837313,0.84961
0.730419,0.763344,0.773748
0.646138,0.686744,0.695931
0.612667,0.656772,0.665696
0.59686,0.64364,0.652467
0.586934,0.63455,0.643345
0.588591,0.637623,0.646488
0.691475,0.727525,0.737184
0.729415,0.762098,0.772379
0.682716,0.719061,0.728428
0.63546,0.677241,0.686413
0.609152,0.653821,0.662563
0.59028,0.636971,0.64565
0.590377,0.637834,0.646706
0.583273,0.632543,0.641281
0.641622,0.682281,0.691566
0.650674,0.690835,0.700064
0.633331,0.673947,0.683184
0.614829,0.658426,0.667427
0.609517,0.655591,0.664575
0.595396,0.641645,0.650725
0.591535,0.640244,0.649104
0.591343,0.641043,0.649916
0.615065,0.65872,0.66788
0.616248,0.659546,0.668688
0.606828,0.649736,0.658784
0.598797,0.643705,0.652703
0.59933,0.645974,0.654928
0.598789,0.645797,0.654876
0.584219,0.632615,0.641562
0.594171,0.642199,0.651212
0.608065,0.653683,0.662803
0.604792,0.650195,0.659383
0.601134,0.646577,0.65559
0.592112,0.638122,0.646791
0.594479,0.640914,0.650108
0.595495,0.643666,0.65286
0.60136,0.650055,0.65901
0.58957,0.637769,0.646666
0.58885,0.63508,0.644091
0.598531,0.645632,0.654695
0.590915,0.638795,0.647807
0.590278,0.638409,0.647243
0.586692,0.635109,0.643859
0.587872,0.636805,0.645672
0.592051,0.642391,0.651122
0.590213,0.639773,0.648642
0.586595,0.636765,0.645551
0.583875,0.633454,0.642321
0.589017,0.639203,0.648125
0.580911,0.630187,0.638877
0.587447,0.637666,0.646545
0.582861,0.633615,0.642587
0.5848,0.63582,0.644557
0.58333,0.63396,0.642777
0.587762,0.636952,0.645731
0.589384,0.638699,0.647737
0.584021,0.63387,0.642645
0.587079,0.636134,0.645056
0.58787,0.639467,0.648343
0.583247,0.633483,0.642302
0.58193,0.632621,0.641243
0.581064,0.632398,0.640929
0.582911,0.63052,0.639296
0.589432,0.637575,0.646597
0.587366,0.636304,0.645063
0.590225,0.639739,0.648621
0.589891,0.638563,0.64753
0.588868,0.639061,0.647804
0.58438,0.633225,0.642196
0.58891,0.639095,0.647888
0.592839,0.640179,0.649076
0.589949,0.637268,0.646093
0.585032,0.631551,0.640313
0.583643,0.631134,0.639985
0.589082,0.637119,0.645937
0.588475,0.636422,0.645236
0.586023,0.634878,0.643667
0.583104,0.632671,0.641391
0.596714,0.642887,0.651745
0.603371,0.648207,0.657039
0.607582,0.652029,0.661
0.597663,0.642711,0.651546
0.593597,0.639928,0.648686
0.587718,0.635585,0.644255
0.582206,0.631415,0.640076
0.586851,0.637121,0.646143
0.610909,0.65379,0.662657
0.634973,0.676371,0.685286
0.639801,0.679528,0.688708
0.627592,0.669199,0.678258
0.605364,0.649087,0.65789
0.595937,0.641734,0.650618
0.59126,0.637719,0.64662
0.586783,0.635575,0.644391
0.642168,0.683344,0.692655
0.693971,0.731095,0.740938
0.728169,0.761088,0.771405
0.686415,0.722934,0.732564
0.629846,0.671599,0.680669
0.610528,0.654909,0.663877
0.595462,0.642346,0.651191
0.590068,0.63906,0.647941
0.65131,0.691024,0.700319
0.731933,0.764898,0.775351
0.81646,0.839952,0.852306
0.734666,0.767789,0.778303
0.642874,0.682922,0.692032
0.60775,0.651988,0.660978
0.592715,0.638726,0.647628
0.591727,0.639345,0.64818
0.64392,0.684685,0.694013
0.693098,0.729991,0.739562
0.732151,0.764885,0.775505
0.691619,0.728748,0.738365
0.632344,0.673428,0.682599
0.614649,0.660202,0.669242
0.588338,0.634555,0.643381
0.590203,0.638585,0.647338
0.624989,0.667679,0.676806
0.641198,0.68209,0.691382
0.646102,0.685617,0.694919
0.634499,0.676153,0.685274
0.615422,0.658587,0.66771
0.602935,0.648453,0.657584
0.596477,0.642923,0.65204
0.587717,0.636185,0.644966
0.606618,0.651768,0.660722
0.610055,0.654315,0.663258
0.618013,0.661977,0.671057
0.608594,0.653771,0.662743
0.604966,0.649392,0.658534
0.602976,0.649459,0.658653
0.592705,0.640876,0.649746
0.6042,0.652043,0.661205
0.593931,0.640446,0.649419
0.603667,0.649513,0.65846
0.60079,0.645648,0.654733
0.59814,0.643569,0.652482
0.600519,0.647163,0.656163
0.597935,0.645337,0.654431
0.595262,0.643723,0.652663
0.596,0.644878,0.653704
0.597348,0.644162,0.653065
0.601277,0.648441,0.657597
0.593608,0.641719,0.650608
0.594999,0.642073,0.651026
0.593608,0.64218,0.65116
0.586111,0.635276,0.64404
0.592106,0.641856,0.650695
0.589307,0.638326,0.647326
0.578908,0.629531,0.638382
0.579692,0.6292,0.638078
0.589398,0.639134,0.648123
0.571915,0.622178,0.630768
0.585809,0.636057,0.644847
0.584548,0.634887,0.643689
0.584054,0.635642,0.644522
0.5864,0.637104,0.645871
0.592407,0.641948,0.650908
0.589895,0.638925,0.647822
0.593403,0.642397,0.651318
0.590461,0.641005,0.649858
0.582272,0.632484,0.641378
0.584607,0.634338,0.643002
0.59076,0.640761,0.649618
0.583198,0.633266,0.641997
0.585212,0.632807,0.641792
0.594153,0.643651,0.652419
0.581342,0.63096,0.63967
0.583242,0.632032,0.640898
0.591334,0.639796,0.648714
0.58593,0.635017,0.643869
0.593303,0.643529,0.652434
0.590254,0.640403,0.649302
0.593618,0.641131,0.650094
0.591195,0.640444,0.649289
0.584336,0.631291,0.639987
0.582297,0.629644,0.638289
0.588213,0.635142,0.643923
0.585483,0.632989,0.641867
0.59275,0.641108,0.650065
0.592615,0.641751,0.65071
0.592925,0.639523,0.648326
0.602412,0.647842,0.656719
0.602249,0.648027,0.656806
0.602267,0.646292,0.655236
0.598951,0.643395,0.652048
0.594739,0.641584,0.650137
0.582916,0.630351,0.639157
0.581201,0.630079,0.638869
0.605764,0.650848,0.659787
0.611559,0.655009,0.663951
0.629368,0.67029,0.679414
0.646068,0.686751,0.696006
0.628862,0.670657,0.67969
0.613065,0.656588,0.665514
0.595673,0.640976,0.649885
0.592147,0.639374,0.648194
0.606334,0.650191,0.659138
0.634342,0.675674,0.684766
0.682592,0.718985,0.728556
0.729846,0.762826,0.773253
0.684835,0.721566,0.731096
0.630409,0.670871,0.680022
0.605144,0.649851,0.658899
0.603477,0.65027,0.659279
0.612638,0.656446,0.665209
0.646502,0.686628,0.69587
0.726506,0.759471,0.769631
0.810674,0.834068,0.846136
0.726212,0.759085,0.769282
0.645848,0.686503,0.695726
0.610583,0.653447,0.662481
0.604651,0.650964,0.659922
0.611071,0.655269,0.66431
0.637809,0.678392,0.687613
0.691746,0.728773,0.738525
0.732334,0.765862,0.776287
0.690277,0.727374,0.737064
0.632134,0.673401,0.68249
0.602734,0.648,0.656644
0.597452,0.644578,0.653271
0.607336,0.652334,0.66145
0.61859,0.662307,0.671237
0.638239,0.680033,0.689253
0.646833,0.687764,0.697012
0.63927,0.681161,0.690442
0.614471,0.658021,0.667065
0.603581,0.649408,0.658323
0.597603,0.645522,0.654366
0.605155,0.649992,0.659097
0.602343,0.647788,0.656697
0.610946,0.655389,0.664366
0.606054,0.650032,0.659011
0.605906,0.651167,0.660102
0.601063,0.646446,0.655378
0.604143,0.650722,0.659843
0.600284,0.647306,0.656444
0.600031,0.6472,0.656201
0.594188,0.640934,0.650013
0.595734,0.642417,0.651191
0.601553,0.646793,0.655804
0.595798,0.642222,0.651167
0.592235,0.639657,0.648594
0.594334,0.64111,0.650172
0.599979,0.647945,0.656934
0.587271,0.635634,0.644389
0.589607,0.637653,0.646432
0.596972,0.645285,0.654045
0.588714,0.637066,0.645875
0.591807,0.639634,0.648457
0.589272,0.638236,0.647121
0.593539,0.642721,0.651496
0.58899,0.637125,0.645997
0.581942,0.63281,0.64149
0.584697,0.635542,0.644363
0.581585,0.631776,0.640752
0.588129,0.638191,0.647096
0.585496,0.635647,0.644614
0.587094,0.636721,0.645568
0.594398,0.644439,0.653385
0.585888,0.635866,0.644764
0.585856,0.635911,0.644985
0.583927,0.63388,0.642934
0.588807,0.638597,0.647603
0.587492,0.63759,0.646521
0.576494,0.627771,0.63618
0.583708,0.633528,0.642322
0.57968,0.629608,0.638214
0.587288,0.637029,0.645858
0.587096,0.636239,0.645252
0.59253,0.641993,0.650962
0.587473,0.636731,0.645646
0.58199,0.630729,0.639553
0.582245,0.631103,0.639789
0.586296,0.635362,0.644162
0.580523,0.629604,0.638284
0.588268,0.636368,0.645158
0.586717,0.636135,0.64497
0.587942,0.636828,0.645614
0.592413,0.640728,0.649547
0.590672,0.637855,0.646586
0.587021,0.634315,0.642969
0.587043,0.635085,0.643942
0.59352,0.64143,0.650313
0.594249,0.642339,0.651334
0.587583,0.636394,0.645183
0.587734,0.63518,0.643964
0.593101,0.639886,0.648716
0.595232,0.640705,0.649424
0.59926,0.643984,0.652815
0.59903,0.644523,0.653233
0.595479,0.641833,0.650624
0.594051,0.640953,0.649883
0.598983,0.645919,0.654697
0.597394,0.643225,0.652178
0.606551,0.650169,0.659149
0.630939,0.67208,0.680973
0.637779,0.678831,0.687841
0.63167,0.673435,0.682498
0.613347,0.658351,0.667103
0.5998,0.645088,0.654031
0.59029,0.637126,0.645771
0.61022,0.655166,0.664024
0.634323,0.676628,0.68579
0.688576,0.724992,0.734662
0.730224,0.763751,0.774107
0.686463,0.723047,0.732668
0.631573,0.673182,0.682282
0.609661,0.653737,0.662785
0.600729,0.646625,0.65551
0.608932,0.65271,0.661659
0.64805,0.688132,0.697294
0.728779,0.762023,0.772359
0.812141,0.835273,0.847475
0.729617,0.762633,0.773096
0.645934,0.685849,0.694963
0.610283,0.654263,0.663169
0.594314,0.63977,0.648578
0.607535,0.651654,0.6608
0.634149,0.676266,0.685273
0.685635,0.722222,0.731862
0.733602,0.767415,0.777754
0.689323,0.726146,0.735763
0.633019,0.674779,0.683777
0.613492,0.657676,0.666843
0.599322,0.646601,0.65557
0.60011,0.645781,0.654675
0.610361,0.652723,0.661659
0.631143,0.672335,0.6815
0.645848,0.686323,0.695549
0.632412,0.673963,0.682998
0.6207,0.664398,0.673488
0.602945,0.648265,0.657279
0.594204,0.641319,0.650263
0.601339,0.647727,0.656696
0.605805,0.651089,0.660371
0.607762,0.652072,0.661196
0.61558,0.659225,0.668341
0.603698,0.64809,0.657112
0.603892,0.648483,0.657545
0.596952,0.642952,0.651968
0.593259,0.641745,0.650722
0.596632,0.64387,0.652879
0.591717,0.638352,0.647318
0.601426,0.647871,0.657018
0.590797,0.636126,0.644993
0.597718,0.643537,0.652484
0.599618,0.64619,0.655296
0.599719,0.646368,0.655371
0.586774,0.636139,0.644842
0.589845,0.638117,0.647089
0.590632,0.638066,0.647003
0.590048,0.637636,0.646508
0.591349,0.639311,0.648029
0.587008,0.634079,0.643033
0.590619,0.639149,0.647991
0.59291,0.640361,0.649245
0.577972,0.628756,0.637569
0.588779,0.640032,0.648793
0.577497,0.628766,0.637408
0.584256,0.635268,0.644147
0.584297,0.635478,0.644129
0.583845,0.634963,0.643855
0.590678,0.640063,0.648886
0.58755,0.637513,0.646433
0.589453,0.639779,0.64867
0.586065,0.637344,0.645985
0.591162,0.640902,0.649874
0.589748,0.639758,0.648763
0.580857,0.63132,0.640054
0.585481,0.633566,0.642487
0.583284,0.633121,0.641997
0.5868,0.636912,0.645823
0.585325,0.635179,0.644059
0.588694,0.638687,0.647537
0.585765,0.634442,0.643531
0.589455,0.638398,0.647339
0.594139,0.643108,0.65186
0.584634,0.633341,0.64221
0.58546,0.633748,0.642404
0.589868,0.638416,0.6473
0.581923,0.630734,0.639603
0.582151,0.630902,0.639833
0.585509,0.634723,0.64365
0.585315,0.63289,0.641647
0.593558,0.640985,0.649887
0.591568,0.63869,0.647644
0.584857,0.631375,0.640284
0.588763,0.636112,0.644978
0.583982,0.63391,0.642835
0.58896,0.637655,0.646472
0.592619,0.64067,0.649457
0.597321,0.644045,0.652819
0.595324,0.640315,0.648955
0.606497,0.651314,0.660384
0.602865,0.647902,0.656764
0.597974,0.643236,0.652118
0.587782,0.635942,0.644777
0.595235,0.642931,0.651786
0.594287,0.640123,0.648912
0.60882,0.652467,0.66133
0.628295,0.670032,0.678844
0.64528,0.685535,0.694725
0.634594,0.676385,0.685453
0.615301,0.658438,0.6675
0.588402,0.636803,0.645453
0.596038,0.642228,0.651194
0.605504,0.649551,0.658593
0.629484,0.670621,0.679715
0.685656,0.72235,0.731913
0.727283,0.760523,0.770762
0.688559,0.725473,0.735135
0.635373,0.676591,0.685734
0.590069,0.637247,0.646066
0.593399,0.639844,0.648687
0.604517,0.648889,0.657682
0.649236,0.689712,0.699099
0.730578,0.763581,0.773883
0.807035,0.829969,0.841848
0.728591,0.761431,0.771646
0.652866,0.69318,0.702473
0.585202,0.633106,0.641817
0.598304,0.645167,0.654058
0.605927,0.650952,0.659929
0.633744,0.675318,0.68438
0.689897,0.727437,0.737176
0.728276,0.760828,0.771359
0.690135,0.726693,0.736372
0.641137,0.68291,0.69203
0.591267,0.638853,0.647667
0.59869,0.646276,0.65525
0.599365,0.644682,0.653503
0.617098,0.661008,0.670022
0.633282,0.674645,0.683761
0.644213,0.684233,0.693366
0.637025,0.677916,0.687205
0.623223,0.665669,0.674718
0.595653,0.643954,0.652957
0.599436,0.647135,0.65629
0.599647,0.64599,0.654824
0.596382,0.641402,0.650284
0.60769,0.652874,0.661662
0.616617,0.661235,0.670281
0.615165,0.659571,0.668556
0.60635,0.650852,0.659979
0.589131,0.63686,0.645807
0.597754,0.647032,0.656069
0.594129,0.642092,0.650905
0.594417,0.641139,0.650087
0.598391,0.643991,0.653074
0.600872,0.646872,0.655792
0.606594,0.653124,0.662246
0.602612,0.648166,0.65718
0.590915,0.639912,0.64883
0.582874,0.631825,0.640518
0.589179,0.637365,0.646349
0.587529,0.63671,0.645575
0.585005,0.633252,0.642023
0.595429,0.642906,0.651893
0.592363,0.639301,0.648171
0.592902,0.640052,0.648947
0.589132,0.640431,0.649393
0.586181,0.637064,0.645897
0.587384,0.639174,0.647978
0.586075,0.637225,0.645873
0.58282,0.633255,0.641971
0.588296,0.638014,0.64695
0.588757,0.637995,0.64685
0.584219,0.633444,0.642304
0.586362,0.637234,0.646158
0.586102,0.635919,0.644719
0.580439,0.63084,0.639677
0.581886,0.631686,0.640439
0.585223,0.635449,0.644169
0.585822,0.635243,0.64398
0.586697,0.636422,0.645214
0.59189,0.641294,0.650225
0.583376,0.633698,0.642552
0.579301,0.629992,0.638839
0.584,0.633301,0.642098
0.592212,0.641772,0.650665
0.586341,0.635355,0.643992
0.589913,0.637263,0.646302
0.589038,0.637212,0.646058
0.589356,0.636998,0.645877
0.585926,0.636279,0.645088
0.586175,0.635391,0.644219
0.589441,0.637891,0.646859
0.587258,0.636121,0.644985
0.5885,0.636396,0.645257
0.582778,0.630025,0.638458
0.595691,0.64273,0.651653
0.596384,0.64274,0.651653
0.57851,0.628784,0.637357
0.59304,0.641705,0.650699
0.584564,0.633015,0.64189
0.590809,0.638154,0.647192
0.59224,0.638313,0.647075
0.604501,0.64817,0.657148
0.601347,0.645451,0.654191
0.607402,0.651852,0.660749
0.589256,0.63782,0.646659
0.593253,0.641833,0.650696
0.584565,0.632041,0.640965
0.597855,0.643482,0.652497
0.610686,0.654683,0.663564
0.631526,0.672378,0.681508
0.648545,0.688755,0.697987
0.635217,0.676686,0.68575
0.587696,0.635394,0.644303
0.592602,0.640393,0.649206
0.595698,0.642004,0.650834
0.602687,0.647325,0.656206
0.635038,0.676023,0.68522
0.685908,0.721865,0.731655
0.728363,0.761196,0.7715
0.687283,0.723396,0.733041
0.593361,0.642009,0.650982
0.5947,0.642249,0.651301
0.601421,0.647594,0.656791
0.611278,0.655036,0.664084
0.64833,0.688341,0.697522
0.731349,0.764272,0.774664
0.81357,0.836599,0.848902
0.73171,0.764094,0.774617
0.582338,0.630674,0.639509
0.586778,0.634402,0.642992
0.594612,0.641577,0.650458
0.601596,0.645994,0.654884
0.634019,0.675763,0.684916
0.684522,0.720563,0.730125
0.730719,0.763666,0.774004
0.69216,0.728329,0.738078
0.593851,0.641899,0.650995
0.594211,0.642421,0.651374
0.592962,0.639409,0.648388
0.607454,0.653015,0.661994
0.617804,0.660662,0.669706
0.636427,0.677861,0.68687
0.648275,0.68794,0.697221
0.637003,0.677593,0.686749
0.588197,0.636825,0.645823
0.590261,0.639158,0.64811
0.596879,0.643867,0.652844
0.597704,0.644384,0.653404
0.603093,0.648757,0.657577
0.615575,0.659863,0.669108
0.610448,0.653901,0.662807
0.604897,0.648402,0.657287
0.592409,0.640597,0.649486
0.591691,0.640831,0.64976
0.595553,0.644244,0.653162
0.593349,0.639798,0.648716
0.60008,0.646722,0.655605
0.603838,0.649893,0.658914
0.604283,0.6493,0.658419
0.601416,0.646866,0.655839
0.589935,0.639803,0.648615
0.592075,0.6407,0.649603
0.592813,0.642002,0.650787
0.588626,0.638554,0.647328
0.59855,0.646222,0.655268
0.59518,0.641994,0.650916
0.596439,0.643908,0.652666
0.596809,0.644082,0.653139
0.578836,0.632818,0.641424
0.573122,0.626608,0.635076
0.588011,0.641693,0.65041
0.582367,0.636291,0.644954
0.575567,0.629413,0.637616
0.580812,0.633578,0.642301
0.58443,0.636156,0.64496
0.581481,0.633237,0.641775
0.581934,0.634294,0.643041
0.578055,0.630752,0.639277
0.581915,0.633645,0.642511
0.57968,0.63202,0.640631
0.591471,0.643165,0.652058
0.591027,0.642533,0.651349
0.581273,0.633189,0.641794
0.587586,0.638735,0.647661
0.585492,0.637863,0.646602
0.584513,0.63664,0.645414
0.581428,0.633297,0.642128
0.589808,0.641311,0.650333
0.588797,0.63942,0.648349
0.579225,0.629097,0.637789
0.579627,0.630611,0.639318
0.591489,0.640747,0.649757
0.587369,0.640236,0.648885
0.583682,0.634623,0.64352
0.583475,0.635054,0.643613
0.580229,0.63128,0.640047
0.587392,0.637643,0.646558
0.586305,0.635224,0.643931
0.595169,0.643464,0.652385
0.594167,0.642598,0.651517
0.583547,0.635819,0.644453
0.58667,0.638869,0.64763
0.581575,0.633136,0.641729
0.581138,0.631974,0.640555
0.587861,0.636237,0.64515
0.598331,0.645773,0.654556
0.597844,0.643691,0.652462
0.609219,0.654923,0.663839
0.584861,0.636872,0.645714
0.588641,0.639375,0.648125
0.591206,0.64078,0.649753
0.588445,0.637089,0.646023
0.598147,0.645679,0.654496
0.613979,0.659042,0.668048
0.636077,0.67844,0.687676
0.649257,0.689846,0.69926
0.59106,0.641879,0.650844
0.598084,0.648704,0.657676
0.591686,0.641897,0.650484
0.598147,0.64548,0.654521
0.610837,0.657311,0.666179
0.638831,0.6817,0.690757
0.695566,0.732803,0.742859
0.733035,0.766207,0.776718
0.589534,0.640642,0.649486
0.591128,0.641494,0.650386
0.593666,0.642255,0.651045
0.59144,0.640106,0.648813
0.613232,0.658322,0.667457
0.651859,0.692524,0.702117
0.735351,0.768964,0.779391
0.818982,0.842678,0.855196
0.584666,0.634612,0.643312
0.590421,0.641345,0.650023
0.588586,0.638709,0.647383
0.589517,0.638097,0.646868
0.611213,0.656778,0.665721
0.635408,0.67808,0.687011
0.698239,0.73618,0.745892
0.738878,0.772806,0.783452
0.585679,0.637419,0.64599
0.595291,0.646346,0.655034
0.588311,0.637628,0.646453
0.597617,0.646742,0.655625
0.603307,0.649319,0.658296
0.615933,0.660684,0.669642
0.640176,0.681889,0.691282
0.649754,0.690479,0.699701
0.58399,0.635642,0.644359
0.590527,0.641014,0.650029
0.583952,0.633678,0.642538
0.588257,0.637842,0.646792
0.59889,0.646558,0.655524
0.604232,0.651462,0.66033
0.612155,0.658107,0.667062
0.618381,0.663611,0.672621
0.593042,0.644724,0.653537
0.579884,0.630773,0.639392
0.591163,0.641255,0.649949
0.586412,0.636751,0.645518
0.603843,0.652247,0.661354
0.599202,0.647108,0.656145
0.597934,0.645525,0.654431
0.603716,0.649928,0.658828
0.582155,0.634398,0.643053
0.59351,0.645279,0.654213
0.592456,0.642939,0.651957
0.59231,0.643726,0.652442
0.589734,0.639759,0.648654
0.589277,0.638362,0.647199
0.590677,0.63978,0.648553
0.589295,0.637462,0.646405
0.581438,0.634921,0.643637
0.578268,0.632793,0.641408
0.572219,0.629707,0.637719
0.577141,0.633658,0.64192
0.575562,0.632677,0.64095
0.57266,0.629559,0.637686
0.571161,0.627875,0.636128
0.58294,0.640968,0.649278
0.578078,0.633153,0.641691
0.576551,0.631854,0.640102
0.58147,0.636194,0.644724
0.576672,0.632332,0.64073
0.571294,0.628321,0.63637
0.579253,0.635498,0.643717
0.57348,0.630908,0.639085
0.570919,0.628083,0.636327
0.580444,0.634316,0.642702
0.572383,0.62649,0.634926
0.572004,0.627106,0.635502
0.570766,0.626323,0.634645
0.576228,0.632155,0.640415
0.574577,0.631061,0.639274
0.578257,0.63442,0.6429
0.574701,0.631228,0.639435
0.577779,0.631227,0.639485
0.580112,0.633163,0.641601
0.570493,0.624432,0.632621
0.579196,0.633346,0.641671
0.573904,0.62836,0.636854
0.57231,0.628646,0.636901
0.573161,0.629682,0.637911
0.576781,0.63418,0.642475
0.592201,0.641131,0.649973
0.591173,0.642462,0.651016
0.577005,0.629206,0.637583
0.572689,0.625297,0.633643
0.587115,0.640903,0.649576
0.584825,0.639682,0.648349
0.582238,0.637828,0.646499
0.574988,0.631348,0.639467
0.61058,0.657941,0.666889
0.6018,0.650519,0.65923
0.591732,0.642316,0.650765
0.592209,0.643432,0.65194
0.583163,0.635076,0.643711
0.578807,0.632296,0.6408
0.568846,0.623038,0.631339
0.582242,0.636111,0.644717
0.663309,0.7067,0.716375
0.644274,0.689122,0.698454
0.622019,0.669453,0.678448
0.598938,0.648693,0.657432
0.586278,0.637794,0.646296
0.587581,0.639597,0.64818
0.587124,0.639586,0.648395
0.578941,0.632064,0.640769
0.747862,0.782941,0.793972
0.699585,0.737679,0.747656
0.646888,0.691517,0.700971
0.612485,0.660302,0.669491
0.598701,0.64957,0.658232
0.591014,0.642386,0.651263
0.586426,0.638767,0.647657
0.580457,0.634709,0.643038
0.829875,0.854096,0.867323
0.748603,0.783496,0.794666
0.661099,0.704147,0.713964
0.613254,0.660505,0.669356
0.595994,0.645306,0.654232
0.578934,0.630499,0.638785
0.586699,0.640141,0.648669
0.57761,0.631491,0.639754
0.744058,0.777869,0.788847
0.705439,0.744548,0.754766
0.645837,0.690069,0.699469
0.602725,0.650404,0.659183
0.595729,0.646687,0.655514
0.59193,0.644072,0.652987
0.584373,0.637691,0.646366
0.583873,0.637819,0.646277
0.664484,0.707287,0.716841
0.647025,0.690529,0.700032
0.624305,0.670497,0.679814
0.607825,0.656041,0.664918
0.596345,0.646116,0.655072
0.591477,0.64443,0.653338
0.582186,0.635958,0.644353
0.583944,0.638071,0.646598
0.6188,0.664879,0.674022
0.626627,0.674357,0.683549
0.616814,0.663486,0.67275
0.603219,0.652699,0.661705
0.606778,0.657731,0.66685
0.594263,0.646602,0.655466
0.585596,0.637897,0.64667
0.587431,0.641465,0.650112
0.600865,0.649595,0.658551
0.602154,0.650807,0.659776
0.604636,0.654569,0.663714
0.596573,0.647045,0.655991
0.596501,0.647833,0.656731
0.588276,0.641108,0.649942
0.593291,0.646448,0.655298
0.585139,0.638072,0.646713
0.589552,0.640357,0.649128
0.590227,0.641332,0.650311
0.585654,0.636762,0.645538
0.585681,0.636193,0.644972
0.580544,0.632337,0.640974
0.58113,0.633142,0.641936
0.582485,0.634671,0.643537
0.5787,0.630692,0.639402
0.581906,0.631479,0.640345
0.587865,0.637848,0.646973
0.5809,0.630983,0.639786
0.585124,0.636372,0.645103
0.589796,0.641462,0.650253
0.582564,0.634092,0.64287
0.581148,0.63332,0.642041
0.58458,0.636428,0.645261
0.587523,0.636934,0.645826
0.579539,0.630247,0.639077
0.5859,0.635789,0.644667
0.585673,0.635297,0.644135
0.580671,0.631025,0.639798
0.590754,0.641745,0.650708
0.586872,0.63784,0.64665
0.583494,0.634795,0.643714
0.585591,0.634702,0.643482
0.58921,0.637336,0.646102
0.583297,0.63342,0.642142
0.580438,0.629504,0.638184
0.586106,0.636294,0.645051
0.58315,0.6337,0.642538
0.58758,0.638599,0.647433
0.579113,0.630321,0.638903
0.59204,0.639093,0.647947
0.591566,0.638851,0.6477
0.593296,0.640538,0.649492
0.582338,0.630543,0.639253
0.585795,0.634603,0.643332
0.583092,0.632199,0.641007
0.584264,0.634257,0.642943
0.589373,0.640024,0.648915
0.604961,0.648848,0.657902
0.6113,0.654658,0.663715
0.597328,0.641618,0.650338
0.59937,0.644893,0.653796
0.586045,0.632647,0.641331
0.591738,0.639689,0.648683
0.591213,0.640626,0.649482
0.584355,0.63472,0.643642
0.636925,0.677491,0.686537
0.646821,0.686482,0.695608
0.634696,0.675714,0.684851
0.614513,0.657728,0.666731
0.600515,0.645984,0.654748
0.597783,0.645278,0.654298
0.5933,0.640481,0.64936
0.591562,0.641563,0.650358
0.690083,0.725692,0.735553
0.732801,0.765437,0.775957
0.685647,0.720982,0.730673
0.637524,0.678583,0.68769
0.607029,0.651425,0.660176
0.600359,0.647566,0.656424
0.591643,0.639847,0.648604
0.594107,0.642797,0.651986
0.73683,0.769712,0.780217
0.813385,0.836763,0.848821
0.730243,0.762793,0.773146
0.649568,0.689722,0.698882
0.610471,0.654831,0.663733
0.596315,0.641878,0.650732
0.589376,0.637176,0.645938
0.590373,0.639075,0.647986
0.691575,0.727163,0.737009
0.728553,0.761015,0.771238
0.688869,0.72522,0.734872
0.634449,0.675325,0.68446
0.613225,0.657819,0.666794
0.596659,0.643271,0.652134
0.59376,0.641875,0.650917
0.594516,0.643103,0.652078
0.637826,0.677609,0.686837
0.650815,0.690302,0.699653
0.644938,0.686325,0.695633
0.622742,0.665585,0.674687
0.603602,0.64991,0.658741
0.602728,0.64921,0.658432
0.600811,0.648948,0.657951
0.592705,0.642083,0.651015
0.620322,0.662962,0.672237
0.620086,0.663253,0.672244
0.611137,0.653837,0.662861
0.610458,0.654643,0.663554
0.604609,0.650573,0.659676
0.595745,0.642966,0.652049
0.595488,0.644546,0.653422
0.596883,0.645803,0.654792
0.609029,0.654264,0.663358
0.603774,0.647955,0.657075
0.602218,0.64759,0.656505
0.598668,0.643627,0.652842
0.610599,0.657502,0.666582
0.601438,0.648957,0.657994
0.600245,0.648707,0.657818
0.594776,0.643271,0.652241
0.584857,0.635446,0.644168
0.586537,0.637336,0.64606
0.579034,0.629926,0.638715
0.581061,0.631658,0.640363
0.59029,0.642056,0.65073
0.587417,0.639112,0.647837
0.584367,0.635681,0.644441
0.583037,0.63471,0.643346
0.579467,0.629575,0.638401
0.58906,0.638989,0.647848
0.582785,0.63297,0.641853
0.587384,0.638421,0.64729
0.584212,0.63494,0.643615
0.580628,0.631614,0.640436
0.589719,0.640225,0.649311
0.585784,0.637342,0.646019
0.59311,0.64285,0.651691
0.589652,0.639495,0.648417
0.581866,0.632102,0.640689
0.584373,0.633359,0.642282
0.579795,0.630203,0.638839
0.584643,0.63486,0.64363
0.582453,0.633799,0.642397
0.581152,0.632249,0.641017
0.584578,0.633384,0.642278
0.584858,0.633647,0.642525
0.583394,0.632699,0.64164
0.581318,0.631299,0.640019
0.580982,0.630613,0.639358
0.582542,0.632954,0.641695
0.57808,0.628349,0.637072
0.582015,0.633091,0.641734
0.588011,0.634729,0.643635
0.594745,0.641208,0.65017
0.592978,0.639675,0.648628
0.590337,0.636934,0.645745
0.588748,0.636877,0.645813
0.584827,0.63338,0.642127
0.592411,0.642782,0.651471
0.58721,0.636796,0.645657
0.593123,0.638111,0.646964
0.605312,0.650249,0.659094
0.598077,0.641785,0.650625
0.600952,0.645678,0.654552
0.594998,0.641485,0.650257
0.589427,0.637068,0.645851
0.58489,0.632623,0.641376
0.597796,0.646665,0.65559
0.618532,0.661711,0.670752
0.635645,0.676574,0.685809
0.650823,0.691229,0.700492
0.6366,0.678296,0.687435
0.614633,0.658628,0.667633
0.596365,0.641983,0.650787
0.598497,0.645448,0.654527
0.586758,0.63511,0.644014
0.637219,0.678117,0.687228
0.686464,0.722475,0.732106
0.72624,0.758929,0.769081
0.688363,0.724839,0.734472
0.637393,0.678687,0.687932
0.61209,0.65689,0.665767
0.597397,0.644115,0.652993
0.587875,0.63585,0.644669
0.655278,0.693955,0.703307
0.732303,0.765109,0.775515
0.811932,0.835204,0.847223
0.730273,0.763139,0.773431
0.653171,0.6937,0.703042
0.607153,0.651649,0.660436
0.601169,0.647624,0.656581
0.587697,0.635725,0.644353
0.644773,0.685101,0.694398
0.692924,0.729675,0.739517
0.731091,0.764281,0.774679
0.69094,0.727678,0.737347
0.630914,0.672066,0.681084
0.604851,0.648688,0.657524
0.598236,0.645533,0.654342
0.595751,0.642786,0.651692
0.628688,0.671306,0.68047
0.641925,0.683039,0.692373
0.652502,0.691971,0.701407
0.636715,0.67801,0.686958
0.614078,0.657135,0.666208
0.599429,0.645133,0.65405
0.597457,0.644223,0.653054
0.59421,0.6423,0.651233
0.615981,0.659937,0.669001
0.615859,0.659778,0.668818
0.612432,0.654378,0.663453
0.607779,0.651397,0.660292
0.614608,0.659839,0.669101
0.601027,0.64726,0.656254
0.59961,0.646848,0.655751
0.598598,0.646761,0.655695
0.60554,0.650694,0.659887
0.607857,0.653174,0.662283
0.610108,0.656193,0.665282
0.599694,0.645875,0.655027
0.597093,0.642897,0.651819
0.597866,0.644994,0.654042
0.595069,0.64276,0.651779
0.596106,0.643704,0.652837
0.578945,0.630041,0.638753
0.587069,0.638144,0.647148
0.588684,0.64008,0.649092
0.579468,0.630911,0.639541
0.583988,0.635668,0.644283
0.581159,0.632992,0.64189
0.580792,0.633491,0.641964
0.587965,0.638139,0.646851
0.578,0.627908,0.63664
0.587812,0.639175,0.64785
0.587474,0.638609,0.647285
0.584169,0.634574,0.643307
0.589384,0.641571,0.650504
0.579957,0.632048,0.640645
0.584975,0.636699,0.645678
0.582993,0.633645,0.642319
0.580418,0.63033,0.639176
0.580619,0.63112,0.640006
0.577924,0.628593,0.637293
0.579769,0.63034,0.63921
0.585163,0.636006,0.644742
0.578904,0.629571,0.638193
0.581827,0.63235,0.641128
0.592434,0.643338,0.652231
0.582266,0.631989,0.640654
0.586309,0.635475,0.644319
0.5847,0.633517,0.642446
0.587596,0.637169,0.646083
0.586489,0.635743,0.644474
0.58169,0.630664,0.639197
0.587254,0.637502,0.646191
0.585438,0.635809,0.644666
0.58798,0.635182,0.644153
0.588085,0.636098,0.644802
0.587951,0.635312,0.644075
0.590867,0.638419,0.647219
0.587951,0.634556,0.643472
0.587531,0.635019,0.643869
0.585452,0.63421,0.642946
0.589556,0.637988,0.646889
0.594477,0.640768,0.649781
0.601609,0.647612,0.656613
0.599615,0.644206,0.652937
0.605112,0.649325,0.658191
0.597194,0.642342,0.65109
0.599456,0.645446,0.65443
0.593813,0.641169,0.650054
0.590478,0.638511,0.647359
0.605221,0.650601,0.659543
0.616793,0.660737,0.669737
0.636008,0.677601,0.686684
0.64337,0.683977,0.693232
0.633516,0.674894,0.683953
0.618026,0.662251,0.671372
0.602182,0.647568,0.656663
0.594745,0.641848,0.650593
0.615058,0.65931,0.668382
0.64116,0.683158,0.692072
0.691164,0.727738,0.737506
0.731788,0.765314,0.775689
0.685109,0.72168,0.731245
0.639492,0.681049,0.690277
0.61199,0.655888,0.664911
0.596923,0.642865,0.651857
0.612994,0.656223,0.665328
0.652886,0.692997,0.702408
0.728893,0.761724,0.772033
0.815283,0.838737,0.850986
0.730761,0.763825,0.774166
0.643705,0.683961,0.692995
0.617843,0.662235,0.67141
0.606256,0.65199,0.661005
0.625681,0.669338,0.678532
0.637628,0.678858,0.688011
0.688341,0.725079,0.734711
0.732772,0.766298,0.776694
0.685555,0.721879,0.731436
0.632794,0.674708,0.683733
0.606336,0.651179,0.659975
0.603188,0.64862,0.657672
0.613217,0.657278,0.666542
0.618697,0.662092,0.671173
0.63158,0.672721,0.681772
0.647807,0.687578,0.696795
0.639191,0.68077,0.690007
0.619854,0.663667,0.672698
0.607285,0.652441,0.661577
0.600461,0.646485,0.655568
0.608864,0.654619,0.663607
0.608197,0.652164,0.661241
0.613923,0.656733,0.666031
0.618078,0.661832,0.671056
0.613029,0.657237,0.666299
0.607057,0.652419,0.661398
0.605469,0.651167,0.660225
0.599231,0.646142,0.655193
0.601251,0.648525,0.657614
0.602102,0.648392,0.657351
0.603882,0.650099,0.659156
0.600092,0.646066,0.655011
0.596055,0.642214,0.651218
0.600257,0.647136,0.656018
0.592262,0.638195,0.647139
0.59367,0.641465,0.650571
0.587412,0.638518,0.647366
0.59158,0.641377,0.650309
0.581306,0.632329,0.641215
0.586335,0.637814,0.646462
0.57748,0.629024,0.637706
0.581977,0.632749,0.64163
0.591839,0.642204,0.651228
0.585495,0.635581,0.644426
0.590102,0.640999,0.649714
0.579327,0.62982,0.638494
0.589242,0.640385,0.649112
0.578049,0.629192,0.63787
0.59078,0.64259,0.6514
0.579395,0.629767,0.63861
0.58574,0.636473,0.645322
0.587225,0.63676,0.645654
0.581014,0.631063,0.63983
0.585849,0.637207,0.645938
0.587117,0.637784,0.64649
0.583472,0.633757,0.642513
0.585829,0.635527,0.644415
0.582177,0.632876,0.641612
0.582379,0.633274,0.641939
0.58114,0.632325,0.641008
0.578677,0.629612,0.638271
0.577957,0.627159,0.635806
0.584125,0.633364,0.642063
0.586756,0.636031,0.644956
0.582905,0.632205,0.640954
0.583432,0.632599,0.641407
0.584318,0.634361,0.643175
0.581745,0.632616,0.641338
0.587578,0.636713,0.645576
0.584027,0.632261,0.641127
0.586953,0.634208,0.643064
0.589486,0.636803,0.645564
0.591583,0.63921,0.648126
0.582209,0.628905,0.637635
0.584792,0.632911,0.641728
0.590043,0.63885,0.64775
0.585529,0.632208,0.64104
0.595532,0.642865,0.651864
0.594868,0.640979,0.649666
0.595488,0.640935,0.649625
0.608442,0.653499,0.662307
0.596737,0.641453,0.650405
0.596211,0.642,0.650835
0.594939,0.642219,0.651062
0.597778,0.64396,0.652994
0.599157,0.645741,0.654708
0.613678,0.657353,0.66637
0.631306,0.672584,0.681661
0.640376,0.680495,0.689531
0.63134,0.672843,0.681968
0.612169,0.656167,0.665136
0.597927,0.642939,0.652031
0.600484,0.646172,0.655132
0.608008,0.653259,0.662072
0.636551,0.677526,0.686745
0.685267,0.721743,0.73139
0.731222,0.764431,0.774823
0.687356,0.723997,0.733583
0.641693,0.682968,0.692207
0.611272,0.654957,0.663854
0.601063,0.647091,0.656117
0.606456,0.649525,0.658497
0.647602,0.687492,0.696642
0.732854,0.766552,0.776978
0.812005,0.83521,0.847349
0.72838,0.761209,0.771498
0.649213,0.689462,0.698776
0.612139,0.654982,0.664027
0.595134,0.641099,0.649813
0.610713,0.655052,0.664097
0.639662,0.681243,0.690429
0.688478,0.725408,0.735054
0.729188,0.762504,0.772835
0.689472,0.725816,0.735556
0.63966,0.680778,0.690128
0.61178,0.655494,0.664629
0.601368,0.647349,0.656415
0.603914,0.649105,0.658113
0.618537,0.661942,0.671043
0.632304,0.673295,0.682209
0.648004,0.6877,0.696999
0.637614,0.678515,0.687736
0.614304,0.657604,0.666598
0.610869,0.655836,0.664943
0.602442,0.64885,0.657901
0.603756,0.649486,0.658472
0.611824,0.65685,0.666021
0.603533,0.647022,0.65589
0.613541,0.657687,0.666765
0.613228,0.65685,0.665868
0.60643,0.651024,0.659951
0.609429,0.654969,0.664026
0.595402,0.642222,0.651267
0.596845,0.643861,0.652859
0.607554,0.654196,0.663224
0.602476,0.648702,0.657675
0.597702,0.643481,0.652501
0.603455,0.648737,0.658
0.597823,0.644326,0.653275
0.602798,0.649471,0.658402
0.583883,0.635443,0.644226
0.583522,0.636343,0.645111
0.588221,0.639787,0.648595
0.589333,0.640218,0.648903
0.588022,0.639854,0.648523
0.586552,0.637214,0.645937
0.584181,0.63501,0.643756
0.597154,0.647616,0.656496
0.580666,0.631835,0.6405
0.58761,0.639483,0.6482
0.582222,0.634006,0.642657
0.579557,0.631193,0.639875
0.585649,0.636191,0.645008
0.583345,0.635,0.643825
0.586523,0.637371,0.646153
0.586345,0.636994,0.645711
0.58481,0.636444,0.645216
0.580678,0.630695,0.639518
0.581718,0.632933,0.641541
0.585931,0.63679,0.645556
0.583509,0.634087,0.642919
0.580773,0.631105,0.639758
0.581004,0.63163,0.640391
0.587725,0.637623,0.646467
0.587677,0.637126,0.646173
0.58704,0.6378,0.646553
0.589103,0.639047,0.647902
0.584416,0.63337,0.642096
0.580586,0.63043,0.639028
0.583618,0.63224,0.641114
0.584795,0.632792,0.641687
0.59072,0.639512,0.648326
0.584717,0.633918,0.642715
0.58895,0.638819,0.647465
0.589037,0.63766,0.646581
0.581232,0.62988,0.638466
0.584085,0.632066,0.640699
0.590632,0.637397,0.64613
0.588279,0.63512,0.644095
0.585839,0.633741,0.642571
0.586072,0.635186,0.643836
0.589172,0.637874,0.646814
0.593065,0.640215,0.648988
0.594889,0.6412,0.649969
0.59659,0.64147,0.650116
0.609608,0.654065,0.662975
0.60306,0.647878,0.656768
0.598472,0.644154,0.653189
0.592457,0.640443,0.649291
0.589017,0.637838,0.646539
0.600591,0.645944,0.654716
0.611042,0.65481,0.663733
0.630752,0.671467,0.680426
0.64399,0.684305,0.693464
0.634621,0.675743,0.684779
0.620829,0.663719,0.672723
0.594132,0.642072,0.650924
0.593916,0.640355,0.649205
0.609746,0.655119,0.66413
0.633523,0.674712,0.683743
0.688074,0.724425,0.734083
0.725808,0.758431,0.768799
0.687525,0.723496,0.733084
0.639567,0.680085,0.689286
0.589931,0.636823,0.645741
0.603201,0.649987,0.659001
0.607551,0.651832,0.660726
0.644955,0.685276,0.694404
0.733526,0.766592,0.777136
0.815172,0.838805,0.851086
0.728116,0.760677,0.771017
0.652424,0.69149,0.701055
0.588103,0.635197,0.643983
0.599048,0.645516,0.654475
0.610657,0.655161,0.664094
0.633908,0.675635,0.684771
0.692237,0.729146,0.738909
0.726368,0.758959,0.76918
0.69287,0.729467,0.739317
0.639938,0.680861,0.689986
0.591319,0.638049,0.647035
0.603214,0.649286,0.658415
0.60005,0.644502,0.653576
0.612753,0.656365,0.665352
0.634398,0.675125,0.684345
0.646282,0.686177,0.695319
0.638754,0.680107,0.68913
0.623536,0.66591,0.675287
0.593742,0.641899,0.650787
0.602768,0.649941,0.658931
0.596322,0.643035,0.65194
0.608238,0.653325,0.662559
0.610528,0.654515,0.663522
0.616951,0.660555,0.66977
0.617698,0.660711,0.669942
0.61278,0.656056,0.665291
0.598848,0.647043,0.656121
0.597661,0.644957,0.654155
0.593714,0.640593,0.649491
0.603852,0.651569,0.660474
0.596856,0.642328,0.651248
0.607742,0.653588,0.66267
0.604714,0.649183,0.658274
0.605016,0.650677,0.65981
0.585191,0.637492,0.646309
0.583252,0.634427,0.643296
0.585779,0.63762,0.646347
0.589138,0.639987,0.64882
0.582898,0.633649,0.642441
0.588618,0.639001,0.648054
0.591133,0.641728,0.650417
0.585861,0.636038,0.644824
0.57769,0.628485,0.637136
0.579903,0.631489,0.640194
0.586696,0.637453,0.646337
0.58005,0.630823,0.639766
0.582001,0.632237,0.641221
0.588633,0.639164,0.648186
0.581175,0.63142,0.640112
0.585208,0.635388,0.64413
0.582057,0.633004,0.641907
0.587987,0.639153,0.648058
0.583821,0.634486,0.643206
0.57806,0.628231,0.637024
0.582555,0.632276,0.640998
0.584901,0.634681,0.643565
0.586221,0.635758,0.644646
0.585499,0.633711,0.642632
0.580784,0.63169,0.640368
0.584353,0.635097,0.643936
0.592424,0.642463,0.651428
0.582036,0.631856,0.640703
0.581024,0.630498,0.639369
0.584448,0.633086,0.641951
0.58366,0.632223,0.640944
0.58584,0.634704,0.643379
0.583472,0.63427,0.642965
0.58715,0.637451,0.646109
0.587891,0.637759,0.646594
0.586684,0.634547,0.643463
0.588731,0.637053,0.645858
0.588474,0.6355,0.644314
0.586986,0.634159,0.642857
0.594435,0.641135,0.649781
0.582469,0.632542,0.641235
0.587631,0.636547,0.645416
0.596019,0.643826,0.652795
0.595969,0.642266,0.65122
0.593374,0.639067,0.647857
0.60156,0.646026,0.654709
0.60576,0.649853,0.658767
0.604936,0.648654,0.65763
0.593102,0.641577,0.650649
0.594344,0.642797,0.651807
0.595777,0.642863,0.651755
0.592404,0.637866,0.646652
0.616266,0.659864,0.668947
0.632511,0.673716,0.682956
0.647642,0.687327,0.696625
0.639296,0.679626,0.688847
0.594447,0.643084,0.652053
0.590354,0.637946,0.646589
0.58656,0.633321,0.641957
0.608975,0.653692,0.662536
0.633608,0.674676,0.683653
0.687189,0.723441,0.733083
0.732712,0.765708,0.776047
0.688241,0.723819,0.733509
0.5811,0.629012,0.637741
0.595988,0.643113,0.652032
0.599485,0.645795,0.654891
0.615743,0.659701,0.668811
0.643588,0.683431,0.692371
0.728437,0.761276,0.771513
0.809457,0.832352,0.844304
0.734018,0.766839,0.777231
0.593338,0.642624,0.651546
0.594343,0.642372,0.651334
0.597783,0.644768,0.65369
0.609469,0.653872,0.662854
0.636878,0.678027,0.687188
0.686472,0.722749,0.732462
0.729136,0.76173,0.772014
0.68788,0.723538,0.733144
0.596815,0.644214,0.653515
0.603794,0.652464,0.661491
0.605192,0.652169,0.66122
0.604106,0.649187,0.658105
0.619889,0.662491,0.671403
0.640769,0.681784,0.690999
0.65228,0.691873,0.701326
0.643168,0.683942,0.693227
0.597267,0.645521,0.654328
0.599327,0.6464,0.655283
0.600876,0.647811,0.656795
0.598897,0.64464,0.65369
0.607001,0.651346,0.660376
0.61768,0.661092,0.670174
0.621602,0.664169,0.673504
0.622201,0.665807,0.674922
0.593865,0.642662,0.651616
0.597888,0.645523,0.654598
0.596669,0.644767,0.653863
0.601391,0.648357,0.657368
0.601992,0.648231,0.657243
0.603848,0.648815,0.657783
0.603476,0.648064,0.657116
0.608391,0.65361,0.662638
0.579984,0.633304,0.641822
0.573192,0.627152,0.635473
0.581301,0.634466,0.643033
0.574682,0.628277,0.636842
0.587081,0.640792,0.649372
0.584269,0.637502,0.646264
0.581039,0.634392,0.642977
0.578407,0.631136,0.639723
0.576286,0.630835,0.639275
0.581317,0.636067,0.644734
0.580118,0.63356,0.642021
0.578833,0.631248,0.640059
0.57914,0.631973,0.640389
0.582877,0.635461,0.644083
0.57532,0.627071,0.635758
0.58849,0.640355,0.649238
0.57711,0.630833,0.639376
0.576745,0.630234,0.638894
0.587172,0.640667,0.649315
0.575701,0.628115,0.636933
0.576874,0.628843,0.637626
0.578302,0.630269,0.638729
0.580535,0.632366,0.641134
0.581901,0.633157,0.641965
0.580888,0.633756,0.642458
0.577909,0.631291,0.639787
0.573864,0.626993,0.635491
0.580749,0.63249,0.641114
0.576177,0.627701,0.636473
0.57731,0.627569,0.636219
0.59014,0.640704,0.649496
0.584037,0.633693,0.642674
0.579522,0.632579,0.641287
0.588012,0.639874,0.648581
0.586596,0.638606,0.647307
0.58199,0.632344,0.641099
0.588505,0.638603,0.647484
0.581121,0.632227,0.640753
0.590215,0.639757,0.648728
0.593095,0.641488,0.650247
0.581599,0.632485,0.641379
0.587129,0.638556,0.647369
0.58832,0.638165,0.647085
0.589542,0.639543,0.648117
0.581146,0.629541,0.638172
0.594357,0.642316,0.651054
0.605276,0.651174,0.660168
0.604741,0.649593,0.658639
0.591922,0.64293,0.651779
0.592079,0.643084,0.6519
0.598718,0.647329,0.656394
0.590726,0.639328,0.648423
0.602416,0.649313,0.658358
0.62054,0.665839,0.674816
0.640744,0.682916,0.692169
0.652881,0.69414,0.703513
0.591683,0.642016,0.650898
0.590445,0.6405,0.649417
0.58582,0.635159,0.643979
0.597872,0.645696,0.654524
0.60814,0.65361,0.662466
0.640336,0.682743,0.691968
0.699463,0.737237,0.747241
0.734364,0.767846,0.778332
0.587077,0.637482,0.646535
0.590805,0.640981,0.649882
0.590571,0.64024,0.648908
0.595186,0.642266,0.651187
0.614306,0.659329,0.668257
0.652949,0.694401,0.703819
0.734742,0.768375,0.778818
0.821453,0.845311,0.857925
0.590923,0.64113,0.650025
0.588253,0.637992,0.646888
0.591916,0.641806,0.650559
0.596287,0.643261,0.652323
0.607848,0.653014,0.661944
0.639632,0.681681,0.69089
0.696469,0.734031,0.743835
0.735597,0.768767,0.779307
0.592781,0.643509,0.6524
0.589127,0.638419,0.647477
0.593084,0.643126,0.651857
0.594261,0.642264,0.651221
0.597738,0.643809,0.652625
0.6209,0.664805,0.673992
0.642742,0.684774,0.694131
0.655168,0.695311,0.70478
0.593396,0.643566,0.652357
0.602745,0.652212,0.66141
0.601975,0.651747,0.660719
0.60148,0.651604,0.660556
0.603736,0.651073,0.660053
0.611486,0.657158,0.666255
0.618926,0.66365,0.672751
0.621473,0.665139,0.674163
0.597372,0.64815,0.656975
0.589885,0.640861,0.64967
0.593968,0.642895,0.651802
0.585902,0.634956,0.643853
0.605941,0.654037,0.663358
0.601877,0.649367,0.658384
0.609465,0.656258,0.665354
0.606255,0.651079,0.6602
0.566474,0.622929,0.631095
0.573381,0.630915,0.639156
0.567302,0.625665,0.633648
0.577634,0.634962,0.642942
0.571099,0.628089,0.636336
0.572023,0.629577,0.637835
0.566175,0.624231,0.632071
0.565882,0.624927,0.632824
0.586283,0.6417,0.650462
0.567299,0.622991,0.631034
0.56462,0.620892,0.629011
0.568883,0.626121,0.634125
0.570377,0.62887,0.636979
0.572697,0.630415,0.638632
0.569813,0.626756,0.634957
0.573298,0.630323,0.638755
0.579484,0.635289,0.643369
0.56898,0.624854,0.633034
0.574328,0.630666,0.638812
0.558905,0.614553,0.622656
0.584628,0.641654,0.649726
0.569638,0.626588,0.634827
0.576148,0.633871,0.642009
0.563604,0.622097,0.629915
0.578304,0.632685,0.641127
0.574368,0.627603,0.635982
0.571631,0.626271,0.634553
0.563321,0.61876,0.626955
0.584577,0.640247,0.648744
0.579685,0.63607,0.644357
0.566077,0.623706,0.631861
0.569171,0.626872,0.634907
0.584805,0.637414,0.64601
0.576346,0.62898,0.637671
0.568818,0.622756,0.630775
0.567743,0.623336,0.631423
0.577904,0.632879,0.641086
0.570606,0.625681,0.634156
0.569637,0.626845,0.634728
0.5725,0.62891,0.637157
0.59422,0.644078,0.652797
0.592327,0.642407,0.651195
0.575664,0.626813,0.635418
0.585824,0.638344,0.647003
0.580818,0.633464,0.642112
0.576365,0.630718,0.639218
0.584821,0.637871,0.646416
0.582771,0.636866,0.64541
0.623957,0.671883,0.681169
0.606352,0.654244,0.663218
0.600972,0.650126,0.659007
0.593162,0.643764,0.652412
0.586582,0.638514,0.64712
0.588659,0.641905,0.650568
0.589956,0.644144,0.652718
0.587433,0.641665,0.650365
0.662183,0.70504,0.714549
0.648235,0.692523,0.701924
0.624164,0.670939,0.680067
0.606725,0.655482,0.664412
0.595763,0.646475,0.655307
0.591733,0.643612,0.652416
0.594417,0.64689,0.655676
0.588706,0.64283,0.6515
0.746291,0.780574,0.791646
0.706615,0.74577,0.755984
0.648276,0.691767,0.701133
0.614329,0.662544,0.671538
0.604151,0.654636,0.66346
0.588941,0.641797,0.650617
0.587975,0.641426,0.650172
0.578619,0.632529,0.64101
0.827195,0.851361,0.864395
0.746023,0.781009,0.791888
0.657952,0.700717,0.710236
0.615777,0.663296,0.672474
0.596509,0.646126,0.654917
0.593378,0.64532,0.653946
0.587541,0.641228,0.6499
0.58677,0.639798,0.648639
0.748828,0.783263,0.794386
0.707359,0.745831,0.756071
0.658575,0.702514,0.712019
0.619847,0.666268,0.675546
0.597921,0.648357,0.657134
0.59934,0.650166,0.659127
0.596056,0.648534,0.657371
0.593177,0.645276,0.654433
0.667653,0.708893,0.718623
0.656849,0.700411,0.710173
0.635481,0.681425,0.690693
0.609996,0.658265,0.667313
0.609399,0.658172,0.667137
0.598077,0.648619,0.657604
0.603762,0.654766,0.663947
0.589128,0.642637,0.651301
0.633473,0.679135,0.688625
0.628271,0.673443,0.682754
0.617408,0.665674,0.674737
0.613892,0.663573,0.672791
0.601201,0.650865,0.659934
0.596343,0.647594,0.656458
0.592343,0.64449,0.653382
0.593695,0.645681,0.654437
0.586036,0.636499,0.64521
0.587117,0.638069,0.647049
0.584578,0.636145,0.644861
0.586742,0.637322,0.646253
0.584429,0.635848,0.644731
0.582372,0.634891,0.643662
0.584891,0.636998,0.645781
0.588491,0.64053,0.64947
0.58985,0.641218,0.650049
0.580893,0.631966,0.640712
0.578742,0.629775,0.638428
0.576122,0.628058,0.636659
0.585021,0.637709,0.646446
0.58556,0.638052,0.646657
0.578569,0.63201,0.64059
0.584937,0.636666,0.645543
0.588114,0.63766,0.646685
0.578618,0.628528,0.637363
0.578813,0.628751,0.637697
0.586464,0.636756,0.645402
0.581996,0.633435,0.64221
0.578216,0.630046,0.638618
0.583609,0.635,0.643815
0.582415,0.633468,0.642432
0.582629,0.631852,0.640583
0.58131,0.631388,0.640106
0.581424,0.630961,0.639666
0.584168,0.634424,0.643235
0.583137,0.632657,0.641581
0.584848,0.635559,0.644417
0.593714,0.645501,0.654504
0.584114,0.635176,0.643974
0.585399,0.633718,0.64256
0.586926,0.635501,0.644162
0.589171,0.638035,0.646646
0.583058,0.631694,0.640598
0.581685,0.630638,0.639644
0.585302,0.635721,0.644327
0.581659,0.633248,0.642049
0.591067,0.641289,0.650127
0.590716,0.636754,0.645835
0.593611,0.638822,0.647971
0.593787,0.641,0.64975
0.587585,0.634397,0.643492
0.589788,0.637588,0.646519
0.592877,0.642157,0.651053
0.586469,0.636435,0.645112
0.592203,0.641875,0.650638
0.616851,0.660959,0.670256
0.612429,0.656075,0.665121
0.608839,0.652468,0.661302
0.603469,0.649224,0.658277
0.593591,0.640182,0.649225
0.598656,0.646364,0.655446
0.594292,0.642951,0.651791
0.589554,0.637761,0.646477
0.640634,0.681473,0.690522
0.652198,0.691683,0.700936
0.634753,0.675986,0.684961
0.618336,0.661111,0.670215
0.606027,0.651169,0.660071
0.596793,0.643925,0.652797
0.587589,0.635284,0.644353
0.590604,0.639218,0.648166
0.694918,0.730878,0.740659
0.734778,0.767844,0.778157
0.692584,0.72936,0.738958
0.637095,0.67784,0.687078
0.610964,0.654887,0.663918
0.596719,0.643337,0.652266
0.587841,0.636206,0.644911
0.580567,0.630276,0.63892
0.730702,0.762963,0.773314
0.812677,0.835715,0.847902
0.730413,0.763771,0.774069
0.647713,0.687437,0.696535
0.61264,0.655616,0.664713
0.596656,0.642758,0.651919
0.596967,0.643951,0.653109
0.600349,0.64894,0.65796
0.696507,0.732341,0.742273
0.732035,0.764724,0.774922
0.693166,0.728987,0.738673
0.644035,0.683763,0.693234
0.617642,0.661286,0.670457
0.604763,0.65074,0.659735
0.599156,0.646166,0.655299
0.598612,0.647682,0.656731
0.64452,0.683537,0.69273
0.658482,0.697138,0.706466
0.645409,0.686216,0.695561
0.625721,0.668336,0.677212
0.624662,0.668918,0.678215
0.613656,0.659533,0.668687
0.598038,0.644816,0.653919
0.597761,0.645633,0.654755
0.628951,0.671384,0.68074
0.6337,0.676178,0.685492
0.625096,0.668518,0.677681
0.613873,0.657751,0.666828
0.610128,0.655274,0.664355
0.604522,0.650601,0.659787
0.60283,0.649679,0.658719
0.598229,0.6459,0.654968
0.592835,0.644,0.652813
0.58754,0.639299,0.648245
0.58558,0.636873,0.645607
0.590253,0.642438,0.651315
0.581783,0.634204,0.642861
0.588271,0.639516,0.648328
0.587213,0.639253,0.647971
0.57792,0.630454,0.639177
0.584452,0.635409,0.644086
0.577521,0.62936,0.63817
0.579936,0.631396,0.64016
0.580511,0.632537,0.641227
0.584434,0.636638,0.645323
0.586867,0.638223,0.64711
0.580182,0.631871,0.640531
0.58172,0.633693,0.642394
0.585773,0.636911,0.645558
0.585218,0.636389,0.645106
0.587262,0.637943,0.64693
0.585043,0.637195,0.645846
0.584233,0.634989,0.64402
0.579745,0.630745,0.639422
0.578071,0.630156,0.638927
0.58343,0.633165,0.642121
0.590134,0.639072,0.648137
0.581471,0.632017,0.64072
0.588767,0.638763,0.647601
0.578464,0.628904,0.637749
0.580282,0.63122,0.639838
0.589249,0.640026,0.648895
0.58104,0.633568,0.642098
0.58439,0.636027,0.64486
0.582124,0.631308,0.640128
0.585827,0.634544,0.643348
0.583919,0.631545,0.640633
0.578053,0.626602,0.635255
0.577126,0.627011,0.635588
0.584326,0.633811,0.642607
0.581125,0.631533,0.640144
0.587413,0.638236,0.646973
0.593255,0.640196,0.649211
0.586191,0.632002,0.64084
0.593824,0.64043,0.64929
0.589467,0.636169,0.645023
0.591523,0.639267,0.648165
0.593585,0.641997,0.650966
0.587019,0.636617,0.645481
0.582995,0.633863,0.642446
0.609654,0.65511,0.664134
0.605595,0.649484,0.658414
0.609701,0.654727,0.663443
0.601738,0.646555,0.655285
0.597217,0.643265,0.652164
0.591702,0.638567,0.647296
0.592781,0.641282,0.650206
0.594937,0.643699,0.65269
0.619113,0.661063,0.670119
0.641459,0.682715,0.691921
0.64886,0.688319,0.697582
0.636011,0.676935,0.686092
0.618267,0.661497,0.670494
0.604432,0.650535,0.659524
0.602164,0.648769,0.657633
0.59614,0.643113,0.65225
0.639904,0.680398,0.689607
0.686759,0.722579,0.73222
0.732441,0.765425,0.775737
0.688624,0.724812,0.734502
0.631934,0.672384,0.681379
0.609313,0.654567,0.663426
0.59975,0.646214,0.655147
0.59372,0.640801,0.649642
0.653311,0.692001,0.701328
0.731156,0.763698,0.773796
0.811513,0.834657,0.846697
0.729488,0.76209,0.772475
0.647642,0.687513,0.696757
0.613551,0.65717,0.666109
0.599993,0.646086,0.655097
0.593222,0.641123,0.649918
0.651057,0.691287,0.700569
0.687713,0.722857,0.73241
0.734698,0.767539,0.77798
0.694019,0.730272,0.740147
0.640266,0.681327,0.690499
0.612418,0.655765,0.664788
0.602888,0.64876,0.657815
0.596098,0.64268,0.651509
0.632642,0.674218,0.683353
0.64621,0.686227,0.695579
0.659678,0.699557,0.709014
0.643175,0.683559,0.692898
0.627383,0.669988,0.679326
0.612086,0.656853,0.666062
0.607662,0.653722,0.662934
0.601671,0.64933,0.658401
0.625231,0.668634,0.67791
0.632207,0.674648,0.684218
0.626025,0.668957,0.678124
0.62419,0.667277,0.676345
0.611503,0.655643,0.664801
0.6088,0.65378,0.662832
0.614266,0.660491,0.669641
0.597784,0.644239,0.653349
0.587612,0.639192,0.647925
0.587606,0.639203,0.648171
0.585865,0.637315,0.646127
0.578318,0.631116,0.639717
0.589208,0.64108,0.649985
0.586105,0.638536,0.647368
0.583593,0.635256,0.644247
0.58781,0.639388,0.648127
0.580779,0.632731,0.641262
0.577982,0.629889,0.638639
0.583613,0.635127,0.643951
0.57571,0.627523,0.636294
0.583271,0.635233,0.644104
0.576721,0.629731,0.638429
0.580328,0.63218,0.64101
0.582039,0.633306,0.641991
0.576579,0.628219,0.636912
0.587256,0.638249,0.647318
0.580278,0.630227,0.639262
0.583756,0.635216,0.644045
0.587409,0.639886,0.648643
0.585729,0.636771,0.645427
0.582295,0.634622,0.643291
0.592219,0.643127,0.651958
0.585322,0.636578,0.645247
0.581311,0.631612,0.640426
0.578056,0.627909,0.636628
0.576032,0.626996,0.635629
0.582941,0.633761,0.642491
0.583861,0.63557,0.644218
0.581706,0.632005,0.640853
0.584034,0.634688,0.643541
0.582518,0.63315,0.641822
0.586589,0.634819,0.643915
0.58556,0.634249,0.642994
0.584729,0.633998,0.642681
0.583559,0.632331,0.641153
0.579231,0.629777,0.638357
0.590635,0.640414,0.649262
0.580409,0.630824,0.639541
0.588212,0.636238,0.645073
0.585386,0.632512,0.641336
0.592451,0.638591,0.647543
0.587668,0.634553,0.643423
0.588572,0.635287,0.64428
0.588899,0.635806,0.644718
0.592192,0.640641,0.64958
0.594174,0.642809,0.651723
0.603354,0.649595,0.658382
0.602626,0.648252,0.657224
0.603943,0.648339,0.657254
0.601752,0.645895,0.654606
0.606937,0.65177,0.660634
0.602001,0.647932,0.656869
0.600169,0.647367,0.656333
0.598478,0.646148,0.655085
0.60464,0.648857,0.657937
0.615231,0.658393,0.667418
0.628363,0.669294,0.6783
0.645383,0.6858,0.694886
0.635593,0.67669,0.685677
0.621288,0.664552,0.673641
0.597634,0.643018,0.651961
0.587272,0.633582,0.642361
0.611888,0.654825,0.663945
0.638331,0.67922,0.68854
0.684857,0.720759,0.730231
0.728414,0.761601,0.771823
0.689327,0.726093,0.735844
0.636469,0.677659,0.686747
0.605709,0.650836,0.659829
0.595475,0.641411,0.650331
0.615461,0.65892,0.667989
0.652284,0.692281,0.701707
0.731788,0.764735,0.775135
0.814163,0.837505,0.849782
0.730001,0.763002,0.773397
0.648234,0.687801,0.696972
0.616936,0.660656,0.669775
0.607591,0.653145,0.662194
0.626953,0.67017,0.679574
0.64332,0.683676,0.692964
0.693977,0.730417,0.740208
0.732555,0.765397,0.775826
0.692653,0.72907,0.73886
0.638029,0.678998,0.688344
0.613058,0.65638,0.665406
0.60735,0.653015,0.662118
0.621297,0.665619,0.674997
0.629405,0.671792,0.681162
0.641344,0.681885,0.691044
0.654536,0.694242,0.703562
0.643553,0.684236,0.693651
0.625961,0.668833,0.678012
0.618631,0.663154,0.672388
0.610533,0.655901,0.665081
0.613514,0.658632,0.667793
0.626329,0.6706,0.679853
0.617976,0.661566,0.670614
0.618642,0.661044,0.670049
0.618319,0.661463,0.670624
0.613786,0.657757,0.666968
0.612584,0.657625,0.666692
0.606913,0.6535,0.662572
0.580005,0.632382,0.641197
0.589342,0.641379,0.65011
0.589717,0.641686,0.650521
0.579193,0.630949,0.639678
0.580128,0.632801,0.641357
0.585994,0.638066,0.646704
0.590688,0.64247,0.651419
0.588116,0.640306,0.648821
0.587041,0.638032,0.646972
0.584671,0.636338,0.645127
0.582785,0.634185,0.643032
0.582061,0.633818,0.642596
0.581827,0.633388,0.642216
0.582736,0.634765,0.643252
0.591181,0.641532,0.650402
0.581223,0.632524,0.641376
0.582761,0.63421,0.643119
0.582858,0.633842,0.642721
0.577996,0.629282,0.638077
0.580475,0.632679,0.641322
0.581095,0.632199,0.640857
0.578881,0.629894,0.638722
0.58089,0.633346,0.641955
0.587375,0.638932,0.647652
0.576895,0.627365,0.636025
0.582795,0.63338,0.642182
0.584671,0.635883,0.644737
0.585038,0.635218,0.64383
0.582351,0.632846,0.641572
0.5849,0.635541,0.644174
0.586702,0.63686,0.645909
0.583195,0.634593,0.643474
0.584416,0.634222,0.642971
0.586309,0.636166,0.644904
0.588904,0.638089,0.647028
0.583985,0.633531,0.64219
0.590855,0.639413,0.648319
0.577609,0.626956,0.635608
0.583039,0.632659,0.641408
0.57983,0.630246,0.638766
0.594403,0.643466,0.6523
0.586967,0.634922,0.643827
0.5879,0.635894,0.644653
0.586673,0.634007,0.642771
0.591531,0.638452,0.647084
0.589663,0.637199,0.64611
0.59494,0.642658,0.651478
0.58185,0.63008,0.638732
0.603805,0.650977,0.659882
0.593491,0.640767,0.649564
0.602382,0.648293,0.657216
0.603874,0.649243,0.658198
0.610746,0.654793,0.663893
0.609022,0.654061,0.662995
0.603018,0.648812,0.657676
0.60063,0.647186,0.656205
0.600291,0.646744,0.655781
0.604912,0.650675,0.659737
0.617706,0.661091,0.670144
0.636708,0.677609,0.686879
0.645989,0.686107,0.695251
0.634824,0.675742,0.684878
0.6113,0.654921,0.663841
0.606315,0.651532,0.660379
0.598279,0.643754,0.652745
0.616179,0.660294,0.669277
0.636222,0.677541,0.686802
0.689079,0.725599,0.735248
0.729246,0.762097,0.77235
0.69119,0.727846,0.737581
0.640467,0.682183,0.691317
0.610939,0.654384,0.663411
0.599797,0.644637,0.653715
0.610499,0.653627,0.662497
0.652028,0.692542,0.701868
0.732409,0.765563,0.775923
0.81326,0.836482,0.848714
0.732271,0.765514,0.775972
0.64628,0.686191,0.695478
0.617608,0.660527,0.669743
0.60324,0.64826,0.657283
0.608412,0.651083,0.660148
0.634621,0.674962,0.6841
0.687398,0.723219,0.73281
0.728735,0.761253,0.771606
0.690626,0.726904,0.736571
0.635756,0.676399,0.685551
0.620962,0.664082,0.673282
0.60916,0.655186,0.664216
0.613469,0.657892,0.666975
0.621896,0.665147,0.67421
0.642812,0.683858,0.693167
0.650663,0.689625,0.698885
0.641232,0.68225,0.691429
0.624452,0.666803,0.675853
0.618916,0.663135,0.672386
0.610309,0.655986,0.664986
0.614441,0.658958,0.66794
0.616129,0.660705,0.669949
0.61943,0.66356,0.672589
0.624188,0.667481,0.676457
0.621864,0.665031,0.674234
0.614592,0.658075,0.667123
0.619914,0.664587,0.673898
0.58326,0.63576,0.644438
0.590759,0.642866,0.651584
0.585076,0.636881,0.645495
0.586035,0.638181,0.646876
0.583981,0.636428,0.645162
0.584768,0.636288,0.645097
0.583679,0.635455,0.64419
0.584047,0.636394,0.645076
0.582679,0.633924,0.642708
0.580759,0.632602,0.641288
0.579504,0.63147,0.64005
0.576716,0.628828,0.637361
0.578928,0.630306,0.639013
0.588078,0.639313,0.648276
0.584339,0.635511,0.644311
0.581307,0.632512,0.641362
0.578896,0.631138,0.639641
0.581325,0.632683,0.641519
0.588653,0.641242,0.649772
0.581334,0.632955,0.641784
0.579557,0.629983,0.638747
0.580197,0.631546,0.640102
0.587602,0.639395,0.648282
0.582234,0.633126,0.641746
0.579526,0.630389,0.639221
0.59314,0.644251,0.653195
0.584825,0.636419,0.64505
0.588231,0.638596,0.647309
0.582109,0.631851,0.640605
0.584494,0.633844,0.642817
0.583651,0.633063,0.641613
0.583508,0.633676,0.642283
0.577966,0.628637,0.637341
0.580292,0.630457,0.639286
0.588134,0.638522,0.6474
0.583772,0.632834,0.641783
0.580416,0.630168,0.638866
0.584362,0.632901,0.641587
0.590246,0.639124,0.648069
0.588029,0.636481,0.645377
0.587344,0.636691,0.645548
0.59004,0.639911,0.648699
0.593387,0.641802,0.6506
0.592071,0.639565,0.648404
0.597341,0.644914,0.653849
0.585434,0.633241,0.641825
0.599675,0.64663,0.655786
0.596825,0.643492,0.652534
0.593739,0.642067,0.651131
0.59421,0.642255,0.651194
0.589653,0.636791,0.645601
0.598971,0.644768,0.653583
0.606593,0.651509,0.660496
0.607511,0.651394,0.660345
0.59839,0.643272,0.651982
0.60284,0.647521,0.656466
0.589647,0.637496,0.646416
0.594794,0.641589,0.650503
0.597098,0.642653,0.651508
0.613188,0.657069,0.666079
0.638589,0.680217,0.689434
0.645157,0.684932,0.6942
0.635797,0.676194,0.685384
0.623553,0.666021,0.675179
0.596496,0.644381,0.653225
0.597104,0.642782,0.651814
0.611605,0.655612,0.664704
0.6362,0.677703,0.686801
0.689314,0.725783,0.735428
0.73013,0.763071,0.773397
0.691949,0.728657,0.738393
0.63943,0.680007,0.689093
0.598067,0.645532,0.654699
0.600735,0.646904,0.655827
0.609783,0.653411,0.662363
0.646701,0.687071,0.696212
0.730759,0.7639,0.774193
0.811053,0.834251,0.846308
0.731617,0.764307,0.774678
0.655544,0.695411,0.704768
0.601156,0.648264,0.657394
0.608248,0.653966,0.663129
0.615181,0.659373,0.66845
0.640304,0.680824,0.690085
0.691629,0.728053,0.737927
0.729983,0.762593,0.772907
0.694426,0.730436,0.740332
0.645792,0.686353,0.695649
0.596298,0.642672,0.651829
0.608043,0.654018,0.663219
0.611124,0.654882,0.663874
0.621517,0.663705,0.672812
0.640814,0.681144,0.690319
0.651452,0.690282,0.699639
0.644749,0.685361,0.694533
0.639491,0.681321,0.690818
0.605776,0.652403,0.661687
0.607405,0.65376,0.662876
0.60497,0.649478,0.658709
0.619309,0.664001,0.673152
0.615784,0.659068,0.668165
0.627938,0.670696,0.679971
0.623596,0.666202,0.675556
0.625933,0.668974,0.678215
0.584453,0.63682,0.645552
0.581383,0.633762,0.642615
0.578345,0.630848,0.639355
0.590442,0.641888,0.650709
0.58509,0.635369,0.644325
0.585591,0.637687,0.646334
0.580064,0.631625,0.640364
0.588571,0.639534,0.648548
0.582459,0.634608,0.643218
0.581438,0.633119,0.641889
0.58131,0.632716,0.641592
0.581272,0.632889,0.641526
0.585616,0.638425,0.647172
0.582434,0.633648,0.642576
0.58198,0.633012,0.641674
0.590371,0.641491,0.650227
0.587994,0.63896,0.648035
0.585871,0.637666,0.646271
0.584718,0.636339,0.645031
0.578596,0.629918,0.638628
0.584459,0.635913,0.644772
0.574432,0.625195,0.634054
0.582817,0.633036,0.641845
0.583321,0.633515,0.642295
0.583577,0.634478,0.643197
0.581528,0.633082,0.641744
0.579681,0.630615,0.639344
0.587294,0.637087,0.64591
0.583623,0.635005,0.643698
0.583107,0.631861,0.640695
0.578229,0.627528,0.636126
0.58623,0.635562,0.644469
0.585881,0.636395,0.64522
0.582264,0.633079,0.641843
0.583992,0.634082,0.642717
0.587729,0.637221,0.646092
0.578546,0.62721,0.635926
0.586664,0.63581,0.644617
0.581322,0.629756,0.63855
0.587224,0.63489,0.64392
0.593508,0.642963,0.651795
0.589363,0.638851,0.647557
0.590541,0.639674,0.648651
0.588522,0.636902,0.645614
0.589969,0.63792,0.646879
0.595551,0.641737,0.650446
0.594156,0.640023,0.649028
0.596054,0.642359,0.651372
0.589096,0.636976,0.645825
0.594348,0.643066,0.651899
0.591583,0.638628,0.647463
0.59257,0.638783,0.647622
0.602954,0.647341,0.656344
0.607811,0.65128,0.660418
0.611311,0.654653,0.663621
0.610095,0.653939,0.663001
0.595718,0.643647,0.652685
0.591795,0.63964,0.64851
0.601224,0.648335,0.657395
0.602999,0.648699,0.657626
0.618473,0.662137,0.671314
0.632933,0.673222,0.682164
0.65067,0.68974,0.699027
0.644173,0.684682,0.693934
0.589295,0.63829,0.647146
0.591938,0.639032,0.647988
0.598173,0.645436,0.654196
0.611582,0.656301,0.665247
0.640191,0.681767,0.690914
0.686618,0.722823,0.732474
0.731886,0.764532,0.774927
0.691716,0.727851,0.737439
0.587234,0.636272,0.64505
0.597559,0.645518,0.654617
0.602143,0.647872,0.656852
0.615523,0.659252,0.668319
0.649486,0.689642,0.698802
0.727053,0.759932,0.770196
0.811623,0.834522,0.846654
0.729398,0.761527,0.77176
0.592207,0.638952,0.648045
0.596005,0.643326,0.652354
0.605348,0.651126,0.660162
0.616416,0.659845,0.66892
0.641076,0.681498,0.690615
0.694554,0.730724,0.740509
0.73041,0.762101,0.772483
0.694478,0.730057,0.739731
0.600941,0.648538,0.657403
0.603266,0.650425,0.659767
0.603639,0.649529,0.65841
0.608976,0.653203,0.662197
0.626501,0.669696,0.678741
0.639244,0.678638,0.687906
0.65945,0.69869,0.708104
0.651648,0.691213,0.700557
0.602677,0.649875,0.658945
0.603865,0.649849,0.658881
0.600465,0.646895,0.655845
0.609326,0.65534,0.66445
0.615248,0.659643,0.668683
0.626029,0.667591,0.676791
0.623455,0.665315,0.674391
0.630448,0.672558,0.681916
0.581504,0.637126,0.645629
0.588271,0.643414,0.651943
0.581331,0.635446,0.644173
0.581115,0.63462,0.643114
0.57301,0.626811,0.635261
0.583679,0.637715,0.646368
0.579463,0.633164,0.641634
0.586101,0.638475,0.6474
0.578477,0.632816,0.641318
0.575871,0.63028,0.638753
0.57922,0.63435,0.642716
0.58336,0.637559,0.646171
0.578703,0.632555,0.641306
0.573606,0.627788,0.636121
0.577654,0.631183,0.639843
0.583102,0.635829,0.644597
0.57803,0.632004,0.640387
0.585959,0.639729,0.64854
0.579527,0.632843,0.641161
0.579805,0.632654,0.641326
0.57536,0.628393,0.637016
0.578173,0.63063,0.639357
0.5861,0.638157,0.647024
0.570965,0.624199,0.632785
0.58024,0.6346,0.64324
0.577065,0.629616,0.638169
0.575497,0.629053,0.637631
0.585221,0.636787,0.645567
0.576784,0.63044,0.638958
0.573239,0.625399,0.634032
0.582282,0.634694,0.643376
0.588,0.639584,0.648242
0.59044,0.643439,0.652324
0.578405,0.631818,0.640293
0.580862,0.632775,0.641487
0.580395,0.631959,0.640569
0.580282,0.631474,0.639981
0.588307,0.639661,0.648457
0.581987,0.632337,0.640985
0.584057,0.634441,0.64327
0.583618,0.635983,0.644572
0.57761,0.629901,0.638574
0.592002,0.643309,0.652135
0.589561,0.639907,0.648845
0.590315,0.640195,0.649129
0.580719,0.628993,0.637753
0.587768,0.636041,0.6447
0.591508,0.639062,0.647886
0.585689,0.636595,0.645357
0.591583,0.642342,0.651097
0.587393,0.637139,0.645946
0.598212,0.648052,0.65677
0.589918,0.637508,0.646321
0.598479,0.644384,0.653269
0.605167,0.650898,0.659716
0.608779,0.653574,0.662589
0.591195,0.641481,0.650162
0.592319,0.643197,0.65205
0.58567,0.63464,0.643364
0.597814,0.645989,0.654882
0.600832,0.64784,0.656805
0.618815,0.663629,0.672493
0.643773,0.685205,0.69457
0.655906,0.696505,0.705896
0.59265,0.641732,0.650676
0.595928,0.644613,0.653582
0.587293,0.636181,0.645084
0.600308,0.648209,0.657038
0.610956,0.656627,0.665724
0.632541,0.674397,0.683461
0.699517,0.737232,0.74731
0.735839,0.768507,0.779101
0.594625,0.644317,0.653158
0.592686,0.642946,0.651773
0.591803,0.640929,0.649886
0.606725,0.654675,0.66385
0.614655,0.659209,0.668251
0.651904,0.69311,0.702519
0.739557,0.77306,0.783839
0.820603,0.844268,0.856813
0.594226,0.644066,0.652936
0.594238,0.643501,0.65243
0.599938,0.649095,0.6579
0.612042,0.659131,0.668166
0.616693,0.661671,0.67082
0.642985,0.683887,0.693066
0.693878,0.730446,0.740263
0.741606,0.774743,0.785644
0.597736,0.647795,0.656719
0.596567,0.646183,0.655139
0.607406,0.654983,0.664059
0.608088,0.655446,0.664535
0.6124,0.658402,0.667638
0.627959,0.671437,0.680787
0.653816,0.695179,0.704541
0.662747,0.70243,0.711936
0.603133,0.652891,0.661903
0.598325,0.647906,0.65702
0.611268,0.660295,0.669402
0.604045,0.651664,0.660718
0.612283,0.659139,0.668322
0.62291,0.667908,0.677163
0.62691,0.671495,0.68066
0.62816,0.671692,0.681006
0.576551,0.633925,0.642133
0.581113,0.638954,0.647084
0.576836,0.634586,0.642748
0.577082,0.635518,0.643645
0.580002,0.637521,0.645736
0.572534,0.630692,0.638791
0.57455,0.632402,0.640429
0.571504,0.630253,0.638181
0.568581,0.626717,0.634775
0.579865,0.635534,0.644116
0.563657,0.621835,0.629721
0.563714,0.622315,0.630169
0.569845,0.628936,0.636755
0.565722,0.62422,0.632037
0.563799,0.622431,0.630265
0.562868,0.622543,0.630145
0.571044,0.626084,0.63447
0.564818,0.622049,0.630017
0.572685,0.631391,0.639373
0.568807,0.625853,0.634019
0.571743,0.629321,0.637316
0.565983,0.624283,0.632388
0.572266,0.631925,0.639707
0.568982,0.627342,0.635263
0.578892,0.634399,0.642835
0.577628,0.633424,0.641851
0.565794,0.621678,0.629888
0.576902,0.634605,0.642815
0.574074,0.631293,0.639265
0.572031,0.629639,0.637725
0.567662,0.624938,0.632987
0.575599,0.632251,0.640567
0.577749,0.630589,0.639306
0.56718,0.622214,0.630366
0.577834,0.631367,0.639821
0.575324,0.630257,0.638732
0.574486,0.629603,0.637823
0.571491,0.626343,0.634877
0.580766,0.637341,0.645698
0.567208,0.625373,0.633211
0.582409,0.634356,0.643096
0.580815,0.634297,0.642714
0.578997,0.632591,0.641088
0.587726,0.641099,0.649549
0.578309,0.632689,0.641211
0.571927,0.62803,0.636139
0.573847,0.629568,0.637855
0.564821,0.621181,0.629436
0.592607,0.642564,0.65146
0.592987,0.643511,0.652207
0.588221,0.640207,0.648847
0.583394,0.635317,0.643719
0.587796,0.641309,0.650048
0.578164,0.632029,0.640796
0.573274,0.627962,0.636217
0.576631,0.631262,0.639496
0.612324,0.659321,0.668459
0.613736,0.661138,0.670208
0.606778,0.655459,0.664641
0.596775,0.647883,0.656612
0.586501,0.637079,0.645817
0.575131,0.628419,0.636857
0.591725,0.645213,0.654017
0.577328,0.631228,0.639708
0.665273,0.707628,0.717415
0.652805,0.696346,0.706076
0.625625,0.671542,0.680559
0.606088,0.654385,0.663142
0.599251,0.650327,0.659143
0.587077,0.638741,0.647417
0.589946,0.641116,0.649934
0.586882,0.639957,0.648507
0.745104,0.77917,0.790202
0.705782,0.744508,0.754773
0.652345,0.69632,0.705801
0.616791,0.66451,0.673626
0.595866,0.645081,0.653889
0.596523,0.647632,0.656577
0.595287,0.646997,0.65592
0.586918,0.640621,0.649269
0.829126,0.853166,0.866277
0.750026,0.78425,0.795299
0.662851,0.704508,0.714193
0.630024,0.676757,0.685966
0.608172,0.657076,0.666355
0.601988,0.653001,0.661952
0.591424,0.643078,0.651978
0.60111,0.653184,0.662212
0.751202,0.784954,0.796236
0.710894,0.748585,0.758925
0.660782,0.70348,0.713267
0.632148,0.67745,0.686947
0.616019,0.664294,0.673448
0.605171,0.655523,0.664384
0.604524,0.657132,0.665987
0.596782,0.648983,0.657723
0.683148,0.723961,0.733852
0.6658,0.707746,0.717487
0.645417,0.6891,0.698891
0.624484,0.670963,0.680364
0.616065,0.665007,0.674201
0.616837,0.666498,0.675972
0.598472,0.649829,0.658777
0.597862,0.650337,0.659117
0.588407,0.63964,0.648509
0.581091,0.632942,0.641854
0.592318,0.645436,0.654437
0.581365,0.633836,0.642399
0.584198,0.636656,0.64545
0.587129,0.639612,0.648583
0.58306,0.635186,0.643896
0.580067,0.632616,0.641301
0.586919,0.637233,0.646252
0.583661,0.635761,0.644651
0.58061,0.63265,0.641407
0.57962,0.630988,0.639367
0.583557,0.637296,0.645823
0.578526,0.630438,0.639124
0.579221,0.632024,0.640569
0.580715,0.632765,0.641274
0.582584,0.633947,0.642764
0.586388,0.637703,0.646497
0.584508,0.6352,0.643928
0.587106,0.637981,0.646945
0.580674,0.632035,0.640865
0.584277,0.636731,0.645582
0.58044,0.633964,0.642569
0.577628,0.629888,0.638766
0.586321,0.636822,0.645588
0.588622,0.639146,0.648266
0.591006,0.642302,0.65122
0.582399,0.632783,0.641774
0.588668,0.640211,0.649268
0.586943,0.637365,0.646337
0.585727,0.638174,0.646891
0.579225,0.630756,0.639336
0.592283,0.641664,0.650666
0.591358,0.640177,0.649333
0.588074,0.637112,0.646274
0.579653,0.629631,0.638356
0.585403,0.635769,0.644675
0.58673,0.637334,0.646179
0.587637,0.638453,0.647381
0.579812,0.630559,0.639567
0.586729,0.634364,0.643196
0.595803,0.644906,0.653828
0.591032,0.639492,0.648426
0.592022,0.640303,0.64928
0.590035,0.63926,0.648339
0.587121,0.637281,0.646089
0.58317,0.632694,0.641487
0.589315,0.640784,0.649708
0.596681,0.643139,0.652022
0.599685,0.644912,0.653911
0.595034,0.642069,0.650946
0.59686,0.643603,0.652629
0.592255,0.639773,0.648791
0.591582,0.639493,0.648422
0.588167,0.636822,0.645848
0.59293,0.642677,0.651515
0.613272,0.656855,0.665759
0.618755,0.662353,0.67149
0.615433,0.659723,0.669002
0.604628,0.650843,0.659665
0.599396,0.645536,0.654568
0.601938,0.649072,0.658044
0.591021,0.640075,0.648687
0.591234,0.639933,0.648852
0.643132,0.684141,0.693239
0.653466,0.69332,0.702605
0.634482,0.675201,0.684399
0.617796,0.660947,0.670111
0.606693,0.651808,0.660948
0.596507,0.642762,0.651757
0.597759,0.644436,0.653439
0.588432,0.636287,0.645304
0.696274,0.731792,0.741385
0.730521,0.762364,0.772702
0.69153,0.727508,0.737343
0.639719,0.679729,0.689023
0.612809,0.657268,0.666112
0.607506,0.652756,0.661768
0.601185,0.648284,0.65732
0.593875,0.64182,0.650748
0.738134,0.769656,0.780185
0.808777,0.831345,0.843135
0.735601,0.768015,0.778524
0.659565,0.698948,0.708435
0.621832,0.66482,0.674004
0.607493,0.652744,0.661846
0.600719,0.646196,0.655373
0.596266,0.643226,0.652066
0.700052,0.734763,0.744722
0.735177,0.76663,0.777046
0.694536,0.728721,0.738604
0.654653,0.695405,0.704699
0.629646,0.672519,0.681944
0.610045,0.655113,0.664226
0.606957,0.652745,0.661792
0.600794,0.648424,0.657458
0.664739,0.703947,0.713407
0.67458,0.713197,0.722862
0.654382,0.693097,0.702687
0.637798,0.679815,0.688997
0.62358,0.6674,0.676577
0.614515,0.659183,0.668445
0.604736,0.649703,0.658758
0.599642,0.646231,0.655243
0.588096,0.640228,0.648941
0.587864,0.64079,0.649427
0.589679,0.64105,0.650046
0.585006,0.638161,0.646945
0.585532,0.638954,0.647554
0.582632,0.635196,0.643819
0.578333,0.631746,0.640231
0.586105,0.638086,0.646965
0.581213,0.633188,0.641778
0.579155,0.632266,0.641005
0.581514,0.634924,0.643625
0.580462,0.632965,0.641505
0.581486,0.634201,0.643059
0.578301,0.631077,0.639474
0.582962,0.635791,0.644196
0.583596,0.636243,0.644937
0.581877,0.633309,0.642136
0.58201,0.634427,0.643141
0.583225,0.634493,0.643308
0.5764,0.628982,0.637571
0.584769,0.636816,0.645708
0.582662,0.633929,0.642719
0.582884,0.635426,0.644155
0.575952,0.628022,0.636496
0.58669,0.636076,0.645237
0.581088,0.631337,0.640297
0.577518,0.628476,0.637139
0.588657,0.638449,0.647417
0.583949,0.634686,0.643497
0.586824,0.638957,0.647645
0.584995,0.636553,0.645237
0.586261,0.638082,0.646755
0.58963,0.640041,0.6489
0.585125,0.635712,0.64468
0.587316,0.637226,0.646191
0.587918,0.63796,0.646792
0.588576,0.638709,0.647503
0.582219,0.632859,0.64165
0.591197,0.64215,0.651048
0.585615,0.636881,0.645762
0.591128,0.638846,0.64787
0.590639,0.639273,0.648107
0.582096,0.630887,0.639529
0.590721,0.639348,0.648207
0.585731,0.633766,0.642571
0.581501,0.630176,0.63924
0.588779,0.638343,0.647313
0.584174,0.634732,0.64337
0.600457,0.646613,0.655713
0.593934,0.640208,0.64918
0.593949,0.639727,0.648692
0.585575,0.631718,0.640434
0.597458,0.644808,0.653779
0.594878,0.642983,0.651869
0.590428,0.638303,0.647075
0.590237,0.639551,0.648305
0.608565,0.653269,0.662469
0.610027,0.65358,0.662731
0.614909,0.658242,0.667491
0.604236,0.647748,0.656727
0.607016,0.652103,0.661286
0.594933,0.640459,0.649419
0.598876,0.646726,0.655629
0.592505,0.640112,0.648902
0.623243,0.665545,0.67455
0.645191,0.685599,0.69486
0.647392,0.686928,0.696251
0.639704,0.681037,0.690159
0.618245,0.660909,0.670123
0.600321,0.64561,0.654696
0.596047,0.643696,0.652604
0.595622,0.643529,0.652569
0.646424,0.685927,0.69527
0.69044,0.726154,0.735856
0.727622,0.759895,0.770146
0.692368,0.728822,0.738542
0.639742,0.680421,0.68964
0.61777,0.661202,0.670483
0.599769,0.645674,0.654753
0.594907,0.642727,0.651625
0.660638,0.698944,0.708392
0.730814,0.762758,0.773081
0.811689,0.834499,0.846588
0.734936,0.767718,0.778217
0.652713,0.691687,0.700873
0.617679,0.661045,0.670096
0.607529,0.653319,0.662361
0.600014,0.645975,0.65486
0.658258,0.697545,0.707078
0.704009,0.739571,0.749596
0.731931,0.764054,0.774312
0.694732,0.730394,0.740226
0.649588,0.689777,0.699168
0.621976,0.665154,0.674351
0.611188,0.655849,0.66533
0.607578,0.653592,0.662838
0.647609,0.688544,0.698003
0.661794,0.70126,0.710913
0.66505,0.704321,0.713836
0.660367,0.7007,0.710221
0.636969,0.679333,0.688501
0.621393,0.665689,0.674779
0.610904,0.656217,0.665257
0.608028,0.653875,0.662984
0.58545,0.637701,0.646542
0.58756,0.640493,0.649325
0.581209,0.633406,0.642111
0.582189,0.634136,0.642898
0.583004,0.636519,0.645212
0.583735,0.63673,0.645425
0.579401,0.631582,0.640531
0.584998,0.637956,0.646653
0.585063,0.637358,0.646112
0.589432,0.642012,0.650863
0.573379,0.62489,0.633585
0.580576,0.633891,0.642554
0.579732,0.632815,0.641336
0.573659,0.626761,0.635255
0.581276,0.633831,0.642756
0.587907,0.640531,0.649263
0.588235,0.640659,0.64928
0.583835,0.636291,0.645101
0.577235,0.629458,0.63815
0.582753,0.634559,0.643261
0.590527,0.642601,0.651573
0.577063,0.628963,0.637691
0.584166,0.635481,0.644246
0.579764,0.632201,0.640933
0.589922,0.641144,0.64987
0.582227,0.633599,0.642366
0.584212,0.63565,0.6445
0.583157,0.633739,0.642566
0.584841,0.636633,0.645332
0.578572,0.630315,0.638904
0.590691,0.641873,0.650848
0.577054,0.62841,0.636975
0.578552,0.628862,0.637547
0.580628,0.631585,0.640228
0.585414,0.635865,0.644736
0.585464,0.635729,0.644682
0.573087,0.623172,0.631739
0.586335,0.635909,0.644861
0.585846,0.637199,0.645828
0.58648,0.636438,0.645235
0.589519,0.637744,0.646721
0.58976,0.637863,0.646852
0.585602,0.634381,0.643118
0.586166,0.634382,0.643307
0.587933,0.636264,0.645181
0.585943,0.634774,0.643549
0.585703,0.635268,0.644298
0.593459,0.642695,0.651606
0.596022,0.64363,0.652676
0.59101,0.638188,0.64713
0.594559,0.641175,0.650098
0.591901,0.638235,0.64704
0.590905,0.637416,0.646207
0.598475,0.645869,0.654683
0.595894,0.643961,0.652895
0.592657,0.64144,0.650429
0.601402,0.648138,0.657081
0.605227,0.650288,0.659461
0.610025,0.654606,0.66359
0.614582,0.65856,0.66764
0.608414,0.652988,0.661881
0.597697,0.643205,0.651982
0.596736,0.643322,0.652285
0.597566,0.644274,0.653369
0.608703,0.653202,0.662123
0.622642,0.666021,0.674967
0.637399,0.678641,0.687706
0.64843,0.688556,0.697966
0.638002,0.679488,0.68862
0.61408,0.656423,0.665373
0.603156,0.648117,0.65718
0.60196,0.648799,0.657778
0.621249,0.663894,0.672915
0.64214,0.682682,0.691936
0.692712,0.728739,0.738643
0.731346,0.76428,0.774637
0.688486,0.72463,0.734246
0.642597,0.684132,0.69345
0.615234,0.659729,0.668881
0.603789,0.64885,0.658087
0.630025,0.671932,0.681294
0.656284,0.695588,0.70499
0.733679,0.766315,0.776837
0.809762,0.832643,0.844564
0.732987,0.765896,0.776192
0.657295,0.697114,0.706506
0.623022,0.666212,0.675406
0.608864,0.654337,0.663367
0.630313,0.673375,0.682587
0.650479,0.690819,0.700097
0.696411,0.73243,0.742076
0.736166,0.76891,0.779402
0.69432,0.730114,0.74005
0.646437,0.686752,0.69602
0.619853,0.662779,0.671952
0.611082,0.655312,0.664304
0.625808,0.667993,0.677276
0.638508,0.68006,0.689184
0.649267,0.688959,0.698444
0.662798,0.701791,0.711306
0.648775,0.688897,0.698113
0.631686,0.673831,0.682968
0.620737,0.664467,0.673624
0.61452,0.658836,0.668002
0.581965,0.634899,0.643566
0.588578,0.640946,0.649715
0.583067,0.636323,0.644849
0.587178,0.639518,0.648295
0.582841,0.63503,0.643732
0.582297,0.633519,0.642236
0.589121,0.641665,0.650482
0.585389,0.637707,0.646558
0.582877,0.636481,0.645115
0.584206,0.636662,0.645254
0.585844,0.638014,0.646861
0.578754,0.632603,0.641207
0.576231,0.628674,0.637461
0.580519,0.633575,0.642375
0.582933,0.634561,0.643311
0.582461,0.634961,0.643662
0.577692,0.629369,0.638196
0.578536,0.630339,0.639027
0.584182,0.637203,0.645835
0.585282,0.637378,0.646182
0.576615,0.62984,0.638254
0.581097,0.632861,0.641546
0.581134,0.632998,0.641736
0.583042,0.634599,0.643445
0.586731,0.637888,0.646672
0.591194,0.642593,0.651453
0.582879,0.633707,0.642683
0.578525,0.629377,0.637894
0.578195,0.629275,0.637867
0.581556,0.63286,0.641772
0.589454,0.641211,0.650042
0.588662,0.639452,0.64844
0.586901,0.637981,0.646724
0.589181,0.640523,0.649226
0.586348,0.636934,0.645729
0.584252,0.634604,0.643297
0.58259,0.631379,0.640294
0.594421,0.64359,0.652861
0.583228,0.633537,0.64226
0.584354,0.634659,0.643472
0.588563,0.637932,0.646804
0.586141,0.635122,0.643958
0.589136,0.637824,0.646826
0.590511,0.639431,0.648451
0.581137,0.630139,0.638792
0.585949,0.635118,0.64379
0.586977,0.635766,0.644567
0.590163,0.63921,0.64824
0.588308,0.636612,0.645437
0.596485,0.643824,0.652923
0.593789,0.642248,0.65108
0.5928,0.639812,0.64864
0.588713,0.636908,0.645904
0.594058,0.641144,0.649892
0.599538,0.647409,0.656332
0.589677,0.63813,0.647027
0.602782,0.649245,0.658218
0.602299,0.649005,0.65811
0.599598,0.644602,0.653641
0.608948,0.653528,0.662545
0.610364,0.654257,0.663233
0.601714,0.645858,0.654735
0.603052,0.648867,0.657673
0.599462,0.645294,0.654307
0.600213,0.645894,0.655079
0.605704,0.651078,0.660075
0.61275,0.655684,0.664748
0.63873,0.680028,0.68923
0.649676,0.690264,0.699373
0.634636,0.675603,0.684795
0.621313,0.664328,0.67344
0.60355,0.648236,0.657227
0.603203,0.648863,0.65791
0.617895,0.661366,0.670706
0.639594,0.680934,0.690014
0.693563,0.730283,0.740092
0.725395,0.757897,0.768109
0.689314,0.725707,0.735357
0.639028,0.680264,0.689385
0.618068,0.661982,0.671048
0.61342,0.657441,0.666675
0.620375,0.66294,0.672111
0.656461,0.695728,0.705224
0.729259,0.761809,0.772039
0.812385,0.835484,0.847499
0.733565,0.766249,0.77667
0.65556,0.694556,0.703986
0.624726,0.667031,0.676253
0.618932,0.663827,0.672966
0.621601,0.664167,0.673195
0.647333,0.687498,0.696751
0.691033,0.726338,0.736091
0.73239,0.765119,0.775386
0.696365,0.73248,0.742333
0.652268,0.692407,0.701923
0.629596,0.671693,0.680809
0.617395,0.662285,0.671447
0.619745,0.664386,0.67347
0.630788,0.672157,0.681335
0.650411,0.690741,0.700166
0.664248,0.703244,0.712801
0.648422,0.688229,0.697562
0.63009,0.672329,0.681501
0.624837,0.667255,0.676426
0.5819,0.635307,0.644042
0.587102,0.641074,0.649842
0.580796,0.633224,0.641969
0.583684,0.635812,0.64465
0.58749,0.64063,0.649302
0.583445,0.636136,0.644943
0.591039,0.642734,0.651719
0.584642,0.637355,0.645946
0.57428,0.62761,0.636264
0.576385,0.628952,0.637668
0.582961,0.635225,0.644032
0.586684,0.639898,0.648614
0.580629,0.634084,0.642826
0.582574,0.634148,0.642811
0.581001,0.633503,0.642376
0.584616,0.637065,0.645791
0.579028,0.631023,0.639841
0.583752,0.636799,0.64552
0.585691,0.6387,0.647427
0.582906,0.635819,0.644504
0.578723,0.631756,0.64042
0.586619,0.637323,0.646142
0.586481,0.637929,0.646907
0.580107,0.632326,0.64094
0.586797,0.638199,0.646957
0.574626,0.626361,0.63492
0.581945,0.633051,0.641727
0.586537,0.637274,0.646088
0.578937,0.629909,0.638523
0.58778,0.638675,0.647597
0.592182,0.643161,0.651981
0.581441,0.632409,0.641044
0.579825,0.631254,0.6399
0.586284,0.636921,0.645736
0.589321,0.640436,0.649266
0.582885,0.633653,0.642405
0.58009,0.630727,0.639511
0.586951,0.636253,0.645153
0.581578,0.631391,0.640379
0.586538,0.63645,0.645197
0.585792,0.634971,0.643814
0.591918,0.641104,0.650015
0.589415,0.638756,0.647622
0.587935,0.637382,0.646249
0.579019,0.627198,0.636123
0.580358,0.628548,0.637136
0.585739,0.63397,0.642774
0.592042,0.64017,0.64903
0.594717,0.644758,0.653638
0.596359,0.644875,0.653705
0.584481,0.63211,0.640977
0.592077,0.639185,0.648079
0.590662,0.637322,0.646216
0.594036,0.640819,0.649615
0.599807,0.6464,0.655338
0.601032,0.647892,0.657006
0.596347,0.644265,0.653229
0.593436,0.641359,0.650178
0.594813,0.641275,0.650328
0.602806,0.647406,0.656465
0.61082,0.655894,0.664924
0.613612,0.656874,0.665922
0.610975,0.655026,0.664045
0.606767,0.651861,0.660756
0.595554,0.642957,0.651724
0.600636,0.647944,0.656995
0.601032,0.646735,0.655615
0.616052,0.659576,0.668502
0.630406,0.671386,0.680499
0.650099,0.69014,0.699461
0.640677,0.682279,0.691455
0.624716,0.667694,0.676729
0.587946,0.635272,0.644162
0.600318,0.645735,0.654564
0.614706,0.65859,0.667655
0.637298,0.678468,0.687579
0.689723,0.725978,0.735629
0.731224,0.764041,0.774458
0.686738,0.722151,0.731826
0.638601,0.678664,0.68785
0.596593,0.642761,0.651792
0.608466,0.653258,0.662185
0.620624,0.663811,0.672848
0.652755,0.69188,0.701144
0.730929,0.763199,0.77361
0.813181,0.836211,0.848404
0.732332,0.764224,0.774696
0.662394,0.701295,0.710957
0.605289,0.651336,0.660438
0.607947,0.652198,0.661309
0.617453,0.660732,0.669848
0.645969,0.686371,0.695627
0.691462,0.726785,0.736464
0.729807,0.761655,0.77201
0.69513,0.73059,0.740426
0.651926,0.690967,0.700494
0.607786,0.653696,0.663011
0.617341,0.662397,0.671658
0.616948,0.6617,0.67091
0.63081,0.672586,0.681801
0.650543,0.690669,0.700024
0.66475,0.70423,0.713589
0.657361,0.696363,0.705918
0.641224,0.681309,0.690702
0.58877,0.642124,0.650891
0.584974,0.638134,0.646816
0.585543,0.638672,0.647211
0.582734,0.634878,0.643661
0.589239,0.641377,0.649966
0.585902,0.637523,0.646277
0.581991,0.633645,0.642423
0.586758,0.638414,0.647318
0.580838,0.633597,0.642249
0.575079,0.629152,0.637594
0.582957,0.636055,0.644625
0.585469,0.637045,0.64577
0.58302,0.635865,0.644562
0.578512,0.629389,0.638184
0.573984,0.625252,0.634147
0.585085,0.636289,0.645149
0.586362,0.638923,0.647742
0.576623,0.629782,0.638568
0.584368,0.635762,0.644509
0.584606,0.636259,0.644895
0.585398,0.637606,0.646407
0.581081,0.632997,0.641727
0.584487,0.635264,0.644054
0.588579,0.639511,0.648348
0.588733,0.640286,0.649075
0.586125,0.637267,0.64617
0.577304,0.629827,0.638483
0.583756,0.634391,0.643218
0.582307,0.632899,0.641613
0.58074,0.630735,0.639448
0.585053,0.635869,0.644688
0.582137,0.632762,0.641625
0.592612,0.643716,0.652659
0.583447,0.635468,0.644219
0.586742,0.636664,0.6455
0.588983,0.638861,0.64754
0.585602,0.636395,0.64523
0.583221,0.633334,0.642133
0.583669,0.632783,0.641523
0.58531,0.634539,0.643319
0.591063,0.641918,0.650836
0.589337,0.64002,0.649067
0.585285,0.635686,0.644359
0.585245,0.634841,0.643675
0.586431,0.636037,0.64487
0.591412,0.639485,0.648274
0.589434,0.637626,0.646421
0.596165,0.644478,0.653471
0.577778,0.627125,0.635679
0.591337,0.639444,0.64851
0.590009,0.638571,0.647368
0.592381,0.640251,0.649086
0.58901,0.636743,0.645524
0.59505,0.642083,0.650949
0.59786,0.644226,0.653176
0.59868,0.644688,0.653607
0.585778,0.634484,0.643395
0.589997,0.637977,0.646842
0.597419,0.644372,0.653494
0.60494,0.651564,0.66051
0.595074,0.640307,0.649034
0.608419,0.652392,0.661449
0.613836,0.65646,0.665479
0.614251,0.657956,0.66707
0.594886,0.642971,0.651919
0.594385,0.641777,0.650674
0.602314,0.648764,0.657848
0.605614,0.650416,0.6595
0.623419,0.666216,0.675468
0.643138,0.683915,0.693256
0.655749,0.695074,0.704497
0.642373,0.682481,0.691762
0.591304,0.639714,0.648724
0.601244,0.64846,0.657651
0.59808,0.643967,0.653016
0.610741,0.654132,0.663187
0.636066,0.676825,0.685973
0.694807,0.731589,0.741269
0.727019,0.75872,0.769034
0.693324,0.728904,0.738555
0.599134,0.645402,0.654475
0.60629,0.652386,0.661434
0.610099,0.655029,0.664178
0.623126,0.666102,0.675223
0.656762,0.695874,0.705188
0.730236,0.762353,0.772729
0.81122,0.83377,0.845813
0.730609,0.76213,0.772471
0.602199,0.648984,0.658009
0.605031,0.650737,0.659955
0.612841,0.657117,0.666255
0.621105,0.66386,0.673154
0.64841,0.688864,0.69816
0.693873,0.729517,0.739294
0.733432,0.76508,0.775615
0.703689,0.738809,0.748786
0.605483,0.652263,0.661416
0.604971,0.651393,0.660573
0.614044,0.659079,0.668239
0.619447,0.663153,0.672324
0.634069,0.675788,0.685009
0.652902,0.691963,0.701199
0.665174,0.703389,0.712678
0.659851,0.698149,0.707575
0.580354,0.634688,0.643219
0.583162,0.638485,0.64688
0.586133,0.640663,0.649397
0.578968,0.633017,0.64163
0.588961,0.642896,0.651531
0.57678,0.631598,0.640042
0.587816,0.64062,0.649428
0.582614,0.637089,0.64569
0.575275,0.629927,0.638496
0.570139,0.626244,0.634384
0.574285,0.629176,0.63769
0.572131,0.627745,0.636015
0.577606,0.632028,0.640387
0.576452,0.631769,0.640179
0.572573,0.62829,0.636705
0.577504,0.631262,0.639882
0.571685,0.626903,0.635085
0.576253,0.630822,0.639268
0.575973,0.631379,0.639748
0.574342,0.62869,0.637161
0.581941,0.636354,0.644775
0.576353,0.630079,0.638706
0.574546,0.628019,0.636546
0.582456,0.635627,0.644306
0.58067,0.635061,0.643436
0.58128,0.635562,0.644202
0.583992,0.638159,0.646623
0.579069,0.632873,0.641145
0.57284,0.62684,0.635168
0.58307,0.635966,0.644774
0.57686,0.630103,0.638833
0.574839,0.627616,0.636175
0.582833,0.636195,0.645003
0.587676,0.641157,0.649817
0.580712,0.632644,0.64132
0.576111,0.628536,0.637289
0.584689,0.637079,0.645781
0.582061,0.633835,0.642556
0.582017,0.633928,0.642556
0.584219,0.634896,0.643787
0.580742,0.633948,0.642588
0.582156,0.634875,0.643562
0.589674,0.641205,0.650034
0.587279,0.639445,0.648231
0.576069,0.626947,0.635549
0.581891,0.63123,0.639996
0.58778,0.638299,0.647098
0.596187,0.64618,0.654922
0.586643,0.639585,0.648174
0.590629,0.642081,0.650856
0.579556,0.631439,0.640144
0.595442,0.646445,0.655302
0.588843,0.638209,0.647123
0.589166,0.636806,0.645874
0.593651,0.641547,0.650459
0.589698,0.637072,0.645855
0.592126,0.643487,0.652218
0.590112,0.640995,0.64973
0.599603,0.649276,0.658296
0.585333,0.634455,0.643303
0.594876,0.642193,0.650994
0.602715,0.649584,0.658497
0.606727,0.652385,0.661455
0.615866,0.661606,0.67061
0.593359,0.643927,0.652795
0.586073,0.636482,0.645259
0.595458,0.644774,0.653775
0.603123,0.650953,0.65985
0.609313,0.656407,0.665312
0.627411,0.672026,0.681326
0.648941,0.690959,0.700554
0.660468,0.701486,0.710845
0.599503,0.650246,0.659304
0.595518,0.646222,0.654949
0.596628,0.646123,0.655123
0.60247,0.650325,0.659143
0.613623,0.659005,0.668045
0.643806,0.685768,0.695103
0.69788,0.734527,0.744467
0.742233,0.775704,0.786506
0.605992,0.654225,0.663387
0.599563,0.647487,0.65646
0.5992,0.647413,0.656394
0.614002,0.660517,0.669723
0.62348,0.668213,0.677462
0.662216,0.702387,0.711723
0.738228,0.77108,0.781681
0.818613,0.841926,0.854355
0.600323,0.649541,0.658803
0.603052,0.651933,0.661143
0.599529,0.646556,0.655534
0.60849,0.654743,0.663712
0.627731,0.671299,0.680571
0.653118,0.693902,0.703408
0.709188,0.745948,0.756183
0.745382,0.77788,0.788926
0.607532,0.655655,0.664944
0.60485,0.653603,0.662718
0.609014,0.65619,0.665324
0.616198,0.662934,0.67214
0.625362,0.670091,0.679353
0.637311,0.6795,0.689061
0.66589,0.706899,0.716679
0.67245,0.711462,0.721341
0.570299,0.626772,0.635046
0.575828,0.63296,0.64126
0.567271,0.62583,0.633771
0.571103,0.629782,0.637793
0.572559,0.631614,0.639271
0.568748,0.628705,0.636502
0.571065,0.630411,0.638457
0.56613,0.625062,0.632998
0.566978,0.624667,0.63261
0.56779,0.626365,0.634297
0.562355,0.622256,0.629863
0.575516,0.633508,0.641679
0.560164,0.619058,0.626617
0.571214,0.630036,0.637954
0.57213,0.630532,0.638446
0.559464,0.618641,0.626406
0.569304,0.6272,0.635127
0.579969,0.637633,0.64609
0.57549,0.632315,0.640591
0.563197,0.622271,0.63012
0.568927,0.626644,0.63496
0.572907,0.631615,0.639603
0.573076,0.631658,0.639748
0.565218,0.624169,0.632054
0.566879,0.623427,0.63161
0.578286,0.633702,0.642097
0.579456,0.635549,0.643744
0.572692,0.628844,0.637101
0.579924,0.636511,0.644887
0.576589,0.634599,0.642829
0.56913,0.627098,0.635097
0.570246,0.628972,0.636782
0.584614,0.63849,0.64707
0.567976,0.62228,0.630614
0.5727,0.628304,0.636481
0.578013,0.634105,0.642168
0.582709,0.638654,0.647237
0.564663,0.621333,0.629382
0.579782,0.635043,0.643387
0.573567,0.630153,0.63841
0.578905,0.632215,0.640589
0.576406,0.63065,0.639011
0.574804,0.628259,0.636756
0.577322,0.631771,0.640256
0.583789,0.639679,0.648099
0.571384,0.627396,0.635634
0.571877,0.627939,0.636145
0.574835,0.631349,0.63955
0.586612,0.639106,0.647856
0.578398,0.631146,0.639664
0.573971,0.626744,0.635297
0.575644,0.628906,0.637465
0.578085,0.632997,0.641521
0.577239,0.63164,0.640308
0.572306,0.627218,0.635649
0.576711,0.632285,0.640782
0.600933,0.649053,0.658082
0.596467,0.646556,0.655396
0.598213,0.649301,0.658208
0.596651,0.648794,0.657707
0.596947,0.648787,0.6575
0.586518,0.640849,0.649235
0.593479,0.647495,0.656239
0.58933,0.643425,0.652119
0.619465,0.665106,0.674498
0.615174,0.662116,0.671235
0.608577,0.657104,0.666114
0.601806,0.651222,0.660191
0.595695,0.64614,0.655021
0.587358,0.639026,0.647836
0.588775,0.641469,0.65037
0.588908,0.641338,0.650024
0.667478,0.708992,0.718708
0.656528,0.700128,0.709517
0.627567,0.673324,0.68265
0.611385,0.660223,0.669337
0.5987,0.647641,0.656602
0.601097,0.652484,0.661333
0.601557,0.653519,0.662626
0.592598,0.644887,0.653654
0.744141,0.77662,0.787679
0.710554,0.748313,0.758825
0.660624,0.704042,0.713555
0.631151,0.677566,0.687033
0.61039,0.658951,0.668162
0.602204,0.652893,0.6619
0.592391,0.644761,0.653334
0.594661,0.646668,0.655518
0.833139,0.857233,0.870454
0.755019,0.789158,0.800527
0.670982,0.711963,0.721754
0.633022,0.678079,0.687493
0.616675,0.664093,0.673481
0.607322,0.658165,0.667074
0.599776,0.650949,0.65988
0.594712,0.647269,0.656126
0.761457,0.794718,0.806235
0.718874,0.756089,0.76681
0.667683,0.709877,0.719784
0.632854,0.679128,0.68844
0.62206,0.670385,0.679814
0.610752,0.660661,0.669833
0.606105,0.657243,0.666131
0.595284,0.646782,0.655749
0.582789,0.634747,0.643393
0.579063,0.63144,0.640107
0.585378,0.637574,0.646399
0.591017,0.6438,0.652611
0.57817,0.630702,0.639644
0.584646,0.63743,0.646062
0.583329,0.636841,0.645554
0.585869,0.639628,0.648378
0.577343,0.629731,0.638429
0.576131,0.628766,0.637418
0.57993,0.633799,0.642467
0.570778,0.624635,0.632988
0.588063,0.64173,0.650393
0.579819,0.632625,0.641406
0.579951,0.632651,0.641369
0.57861,0.631035,0.639603
0.590392,0.641395,0.650503
0.577043,0.629821,0.638309
0.586757,0.63943,0.648254
0.580114,0.632499,0.641173
0.583762,0.636463,0.645062
0.583582,0.636302,0.644994
0.587173,0.639714,0.64847
0.584736,0.636828,0.645622
0.590277,0.641426,0.650302
0.590267,0.641207,0.650212
0.585428,0.635968,0.644876
0.586223,0.639246,0.648059
0.583217,0.634118,0.642899
0.586942,0.637151,0.646124
0.586047,0.637816,0.64661
0.579826,0.631415,0.640243
0.58728,0.637583,0.646227
0.587247,0.638213,0.647223
0.585999,0.635791,0.644692
0.584328,0.635781,0.644569
0.586374,0.63681,0.64554
0.584409,0.634471,0.643298
0.587174,0.638032,0.646959
0.592969,0.64487,0.653769
0.598187,0.64612,0.655234
0.575011,0.623813,0.632752
0.582095,0.63149,0.640301
0.586016,0.634839,0.643731
0.574853,0.626024,0.634613
0.586083,0.637134,0.645865
0.587833,0.638958,0.647696
0.585638,0.636646,0.645529
0.589186,0.636715,0.64568
0.592699,0.64046,0.649428
0.587865,0.635892,0.644766
0.590344,0.640085,0.648861
0.5845,0.633099,0.641965
0.584971,0.635202,0.643881
0.578171,0.628498,0.637152
0.57997,0.629763,0.638763
0.605158,0.650627,0.659741
0.60736,0.653036,0.662064
0.598701,0.644667,0.653672
0.59713,0.643069,0.651929
0.599597,0.646971,0.655925
0.594704,0.641997,0.651034
0.59554,0.643517,0.652662
0.594123,0.643931,0.652797
0.619298,0.662685,0.671887
0.62553,0.668483,0.677741
0.614347,0.657529,0.66669
0.608434,0.652793,0.661793
0.608978,0.654056,0.66338
0.599746,0.647309,0.656387
0.59571,0.644694,0.6537
0.59321,0.642052,0.650994
0.650461,0.690029,0.69943
0.658303,0.697235,0.706664
0.641215,0.6812,0.690405
0.626598,0.668773,0.678018
0.61309,0.657524,0.666722
0.60136,0.64738,0.656453
0.60396,0.651054,0.660129
0.603281,0.650837,0.659785
0.698628,0.733323,0.74328
0.73333,0.764767,0.775411
0.696431,0.732114,0.741923
0.642636,0.682457,0.691759
0.624029,0.666693,0.67594
0.607922,0.651914,0.661195
0.608191,0.65445,0.663614
0.603856,0.65125,0.660329
0.743587,0.774817,0.785527
0.813212,0.835712,0.847838
0.738301,0.770539,0.781005
0.665187,0.704712,0.714173
0.629877,0.671982,0.681192
0.614717,0.659343,0.668431
0.60413,0.649697,0.658746
0.603349,0.650523,0.659562
0.710155,0.74453,0.754604
0.740802,0.771817,0.782423
0.70281,0.737862,0.74795
0.660152,0.699886,0.709453
0.628843,0.671752,0.680961
0.615914,0.659547,0.668649
0.609098,0.655081,0.664414
0.605346,0.652348,0.661645
0.582342,0.634736,0.643371
0.581002,0.633335,0.642129
0.585957,0.637855,0.646597
0.580798,0.633555,0.642261
0.580827,0.634089,0.64281
0.590207,0.643708,0.652255
0.58106,0.635236,0.643803
0.582043,0.634178,0.642915
0.589961,0.642289,0.650989
0.579562,0.631426,0.640311
0.587516,0.640917,0.649723
0.581095,0.634229,0.642839
0.577795,0.63092,0.63955
0.582191,0.635609,0.644148
0.579962,0.633615,0.642272
0.578566,0.631903,0.640612
0.577186,0.629826,0.638508
0.584313,0.636503,0.645131
0.581076,0.633497,0.642303
0.586559,0.639113,0.64784
0.579179,0.631845,0.64036
0.58845,0.640839,0.649635
0.582762,0.635636,0.644268
0.58414,0.63618,0.644835
0.589583,0.641682,0.650554
0.586057,0.637104,0.645918
0.588733,0.639821,0.648588
0.583001,0.635348,0.644067
0.581425,0.632266,0.641033
0.587232,0.63817,0.646829
0.580859,0.632544,0.641281
0.585028,0.635829,0.64457
0.577847,0.628206,0.636807
0.587024,0.637626,0.646546
0.586333,0.636201,0.64513
0.581788,0.632438,0.641183
0.584455,0.635149,0.643937
0.58222,0.633437,0.642172
0.586017,0.637773,0.646348
0.586314,0.636262,0.645173
0.588768,0.638277,0.647172
0.576574,0.62549,0.634352
0.587877,0.637247,0.646261
0.578694,0.628766,0.637381
0.581622,0.632079,0.640704
0.585958,0.635441,0.644232
0.584385,0.634742,0.643517
0.589712,0.640837,0.649713
0.590457,0.638386,0.647202
0.581431,0.629737,0.638666
0.588912,0.636642,0.645519
0.584571,0.633012,0.641762
0.591318,0.64054,0.649357
0.591979,0.640871,0.649715
0.589764,0.638799,0.647759
0.591836,0.642394,0.651335
0.604209,0.65033,0.659466
0.605318,0.651311,0.660276
0.603493,0.649816,0.658915
0.59604,0.642583,0.651548
0.598364,0.644455,0.653518
0.598005,0.645224,0.654125
0.593357,0.641318,0.650287
0.593631,0.643173,0.652103
0.614485,0.659156,0.66827
0.618378,0.66236,0.671192
0.61076,0.65358,0.662601
0.616869,0.660546,0.669626
0.609319,0.654886,0.664007
0.603061,0.649565,0.658511
0.605316,0.651188,0.660443
0.59225,0.640143,0.649036
0.633389,0.675646,0.684925
0.648173,0.688006,0.697338
0.653228,0.692376,0.701717
0.650355,0.690912,0.700169
0.620587,0.663529,0.67264
0.61015,0.655715,0.664806
0.595255,0.640887,0.649798
0.60229,0.649414,0.658513
0.650646,0.689819,0.699066
0.698899,0.734341,0.744109
0.734554,0.767102,0.777393
0.693143,0.728815,0.738684
0.642536,0.682883,0.691955
0.614548,0.657359,0.666625
0.611185,0.655676,0.664767
0.607895,0.654533,0.663735
0.669533,0.707671,0.717192
0.741618,0.773979,0.784572
0.81462,0.837474,0.849635
0.730429,0.762202,0.772388
0.662103,0.701479,0.710722
0.62179,0.663907,0.673128
0.610587,0.65536,0.66438
0.595144,0.640256,0.649161
0.660762,0.699194,0.708634
0.704259,0.739142,0.749176
0.734692,0.766337,0.776661
0.698281,0.734081,0.743934
0.654236,0.69459,0.704265
0.622531,0.665261,0.67431
0.611906,0.657032,0.666271
0.608987,0.654867,0.663983
0.582289,0.635478,0.644035
0.583639,0.636646,0.645302
0.585686,0.638655,0.647401
0.583824,0.637449,0.646286
0.588351,0.641587,0.650255
0.583592,0.635795,0.644485
0.587165,0.640422,0.649154
0.588421,0.64248,0.651129
0.582664,0.634392,0.643232
0.580335,0.632349,0.640999
0.575641,0.628988,0.637543
0.578346,0.63025,0.638928
0.578601,0.631468,0.640144
0.577196,0.628969,0.637727
0.573475,0.626699,0.635401
0.581209,0.634931,0.64345
0.574202,0.627797,0.636254
0.586588,0.638896,0.647707
0.58598,0.637883,0.646693
0.585614,0.638182,0.647029
0.586034,0.638383,0.646984
0.57889,0.630881,0.639485
0.583854,0.636303,0.645142
0.582608,0.635075,0.64376
0.583715,0.633711,0.642498
0.593257,0.643487,0.652425
0.586145,0.637066,0.645967
0.585857,0.637585,0.646326
0.586476,0.639516,0.648071
0.578638,0.629913,0.638625
0.585809,0.637749,0.646659
0.591999,0.643156,0.652055
0.586092,0.637477,0.646177
0.585869,0.637534,0.646371
0.584375,0.635472,0.644352
0.589716,0.640961,0.649861
0.585303,0.637341,0.646058
0.588143,0.639148,0.647898
0.583529,0.632809,0.641781
0.59655,0.64722,0.656228
0.586151,0.636637,0.645577
0.582244,0.633442,0.642004
0.584274,0.634372,0.643063
0.58616,0.636161,0.645053
0.583421,0.633179,0.641934
0.5849,0.635846,0.644671
0.591203,0.640858,0.649852
0.595497,0.645225,0.65433
0.592702,0.64049,0.649416
0.581357,0.62898,0.637899
0.593511,0.641497,0.650528
0.581283,0.629088,0.637953
0.590488,0.638611,0.647508
0.583307,0.632529,0.641328
0.588143,0.637782,0.646657
0.587428,0.636853,0.645718
0.599037,0.646622,0.65542
0.593995,0.640426,0.649277
0.599011,0.645232,0.654208
0.597433,0.644173,0.65307
0.597415,0.643808,0.652722
0.592266,0.63842,0.647258
0.595279,0.642504,0.651472
0.590308,0.638718,0.64755
0.607095,0.651792,0.661034
0.606608,0.651147,0.66017
0.609804,0.653875,0.662857
0.617285,0.661009,0.670247
0.606582,0.649904,0.658726
0.610549,0.655132,0.664215
0.603065,0.649125,0.658353
0.606941,0.65347,0.662639
0.618639,0.662217,0.671482
0.624448,0.666793,0.676015
0.641505,0.682806,0.692098
0.653215,0.69324,0.70247
0.638267,0.679416,0.688448
0.621819,0.664606,0.673691
0.6114,0.656448,0.665617
0.605074,0.651218,0.660275
0.625917,0.668199,0.677355
0.64337,0.682723,0.691859
0.691024,0.726724,0.736308
0.731073,0.763259,0.773561
0.692119,0.728334,0.738175
0.646705,0.686966,0.696219
0.620078,0.663201,0.672328
0.608937,0.654252,0.663306
0.633492,0.674699,0.684053
0.660598,0.698916,0.708412
0.734697,0.766966,0.777541
0.812522,0.835229,0.847412
0.736131,0.768878,0.779414
0.659859,0.699447,0.708817
0.62559,0.668376,0.677608
0.617217,0.661699,0.670829
0.630559,0.67219,0.681495
0.658589,0.697979,0.707401
0.697142,0.732072,0.742019
0.737591,0.769666,0.780292
0.697785,0.733302,0.74321
0.652589,0.692249,0.701733
0.62773,0.670907,0.680194
0.615961,0.660688,0.669617
0.578637,0.632268,0.640897
0.589406,0.642134,0.650993
0.578889,0.631671,0.640384
0.592044,0.644642,0.653417
0.582538,0.63571,0.644412
0.586549,0.638857,0.647553
0.58266,0.636883,0.645383
0.590288,0.643041,0.651958
0.577786,0.632096,0.640367
0.585486,0.637242,0.646164
0.584305,0.636632,0.645513
0.583906,0.637758,0.646448
0.581652,0.633759,0.642511
0.575808,0.628493,0.636969
0.582531,0.635624,0.644364
0.58784,0.639582,0.64857
0.581354,0.633368,0.642273
0.584516,0.636671,0.645316
0.585299,0.637745,0.646409
0.578206,0.631161,0.639748
0.579445,0.631633,0.640189
0.585133,0.637252,0.646123
0.589159,0.641209,0.650205
0.582973,0.634624,0.64359
0.583483,0.634986,0.643925
0.595521,0.645977,0.654813
0.588776,0.640317,0.649294
0.588016,0.639931,0.648665
0.581729,0.633515,0.642449
0.577444,0.628721,0.637533
0.580473,0.632177,0.641043
0.583213,0.635183,0.643964
0.586311,0.636967,0.645747
0.58447,0.635616,0.644529
0.589222,0.64011,0.648806
0.583185,0.634633,0.643399
0.589005,0.640475,0.649309
0.577325,0.627494,0.63622
0.586186,0.636244,0.64503
0.595405,0.645654,0.654678
0.586547,0.63629,0.644973
0.588189,0.637778,0.646634
0.588528,0.638054,0.646753
0.579854,0.630562,0.639141
0.58922,0.639877,0.648481
0.586814,0.637009,0.645675
0.582367,0.632774,0.641547
0.583789,0.633791,0.642509
0.582689,0.631691,0.640449
0.592835,0.642505,0.651537
0.593137,0.642333,0.651249
0.584722,0.632632,0.641473
0.581483,0.629772,0.638569
0.580861,0.629845,0.638599
0.580299,0.628416,0.637063
0.592392,0.641263,0.65029
0.597343,0.645602,0.654609
0.603631,0.651763,0.66107
0.594812,0.640791,0.649671
0.594259,0.640327,0.649167
0.59976,0.645918,0.654967
0.598792,0.645261,0.65422
0.598716,0.644906,0.653759
0.592962,0.639474,0.648315
0.592922,0.640059,0.649005
0.601911,0.647614,0.6567
0.604906,0.649704,0.658744
0.618081,0.661936,0.671149
0.616239,0.660087,0.669309
0.613731,0.658301,0.667359
0.609381,0.6544,0.663421
0.610781,0.656667,0.665731
0.603344,0.649545,0.658594
0.611936,0.656672,0.666013
0.619576,0.661928,0.671158
0.643963,0.684169,0.693412
0.652632,0.691728,0.701179
0.643798,0.684227,0.693481
0.626285,0.668653,0.677919
0.610351,0.655044,0.664055
0.612445,0.656865,0.665921
0.625356,0.669014,0.678148
0.64365,0.683536,0.692838
0.695583,0.732147,0.741884
0.728936,0.760991,0.771175
0.694549,0.73083,0.740605
0.647112,0.687284,0.696781
0.621909,0.664428,0.673572
0.615831,0.660341,0.669444
0.633231,0.675935,0.685317
0.657782,0.697722,0.706967
0.735622,0.768154,0.778497
0.814456,0.837471,0.849676
0.73424,0.766437,0.776755
0.658066,0.696227,0.705629
0.635774,0.678334,0.687623
0.61962,0.663276,0.672562
0.628549,0.671265,0.680625
0.651485,0.69189,0.70116
0.699038,0.735111,0.744933
0.731072,0.762668,0.772971
0.701707,0.737526,0.747424
0.652988,0.692707,0.702167
0.634774,0.677232,0.686506
0.580821,0.633137,0.642054
0.579257,0.631247,0.640138
0.586049,0.639239,0.647913
0.580784,0.634411,0.643014
0.581054,0.635466,0.643985
0.580515,0.632233,0.641092
0.588442,0.640263,0.649075
0.593717,0.645768,0.65447
0.582941,0.635241,0.643877
0.581707,0.634607,0.643262
0.577276,0.630577,0.639309
0.592367,0.643904,0.652827
0.576815,0.630583,0.639081
0.581724,0.634449,0.64324
0.586694,0.639499,0.648464
0.583629,0.635007,0.643685
0.581098,0.634259,0.642976
0.587222,0.638564,0.647611
0.590168,0.641725,0.650621
0.580978,0.634274,0.642634
0.579316,0.631547,0.639968
0.577886,0.631359,0.640137
0.574361,0.625787,0.634668
0.584404,0.636463,0.645301
0.584914,0.636323,0.644976
0.579235,0.630706,0.639491
0.588609,0.638588,0.647584
0.584427,0.636235,0.644936
0.588001,0.639728,0.648556
0.583962,0.634951,0.643945
0.588482,0.640061,0.648914
0.590566,0.641502,0.650479
0.586735,0.638711,0.647392
0.585439,0.635801,0.644674
0.579071,0.630748,0.639483
0.591158,0.641899,0.650694
0.583883,0.634773,0.643475
0.583519,0.635766,0.644324
0.592182,0.64322,0.65215
0.588781,0.63967,0.64865
0.588723,0.63859,0.647427
0.586832,0.636866,0.645568
0.575516,0.62634,0.635078
0.587029,0.636722,0.645449
0.584128,0.634013,0.642763
0.583453,0.633817,0.642617
0.58134,0.629634,0.63847
0.581986,0.630916,0.639794
0.587605,0.637252,0.646076
0.593954,0.643212,0.652095
0.589428,0.638522,0.647482
0.589784,0.639616,0.648238
0.588289,0.636013,0.644763
0.590585,0.638163,0.646995
0.597686,0.645972,0.6552
0.585747,0.633872,0.642829
0.589285,0.637849,0.646864
0.591202,0.638966,0.648017
0.593874,0.64142,0.650381
0.602213,0.649704,0.658719
0.591475,0.636889,0.645599
0.599528,0.645768,0.654731
0.606054,0.652327,0.661261
0.603083,0.649206,0.658122
0.594573,0.642447,0.65112
0.596664,0.64427,0.653286
0.605762,0.651235,0.660436
0.607281,0.652639,0.66165
0.611293,0.655615,0.664809
0.619123,0.66264,0.671609
0.613294,0.656683,0.66597
0.61324,0.657127,0.666236
0.602384,0.649349,0.658435
0.608276,0.654731,0.663921
0.612049,0.656451,0.665598
0.623077,0.666465,0.675585
0.64085,0.681736,0.69093
0.649399,0.688958,0.698149
0.642328,0.682583,0.691631
0.625725,0.667854,0.677102
0.604502,0.650975,0.659788
0.602927,0.648288,0.657202
0.623099,0.666288,0.675531
0.649281,0.690407,0.699617
0.69119,0.726563,0.736238
0.736177,0.768729,0.77922
0.693134,0.728242,0.738067
0.649342,0.688933,0.698406
0.611737,0.657948,0.667303
0.608508,0.652357,0.661544
0.627598,0.669807,0.679132
0.655553,0.694948,0.704269
0.735253,0.767451,0.777966
0.814063,0.836811,0.849066
0.738968,0.77054,0.781078
0.667239,0.706013,0.71554
0.610363,0.65618,0.665356
0.614906,0.659711,0.668777
0.627025,0.669818,0.679163
0.646053,0.685817,0.695022
0.699447,0.735009,0.745064
0.736357,0.768252,0.778787
0.698591,0.733382,0.743315
0.661286,0.700155,0.709636
0.592431,0.645044,0.653798
0.582945,0.636572,0.645265
0.586952,0.640057,0.648756
0.584175,0.636577,0.645303
0.583184,0.635654,0.644482
0.583725,0.635625,0.644523
0.585655,0.638729,0.647441
0.590177,0.641877,0.650822
0.569565,0.624096,0.632454
0.582805,0.635631,0.644358
0.575918,0.629442,0.637714
0.586141,0.63858,0.647327
0.573164,0.626807,0.635424
0.580813,0.632815,0.641662
0.576451,0.628216,0.636992
0.587093,0.639241,0.648312
0.586869,0.639046,0.647862
0.586617,0.639741,0.648402
0.593779,0.646789,0.655596
0.584083,0.634705,0.64372
0.584732,0.636444,0.644925
0.586421,0.638018,0.646896
0.587066,0.637875,0.646938
0.586054,0.636829,0.64567
0.58538,0.638244,0.646747
0.580876,0.632505,0.64125
0.582608,0.633958,0.642882
0.58024,0.632001,0.640653
0.588174,0.63926,0.648212
0.581381,0.631484,0.640401
0.588083,0.638656,0.647664
0.602671,0.653784,0.66288
0.587354,0.63918,0.648021
0.584007,0.635405,0.644192
0.585887,0.63688,0.645603
0.594063,0.644424,0.653387
0.582472,0.633583,0.642393
0.590549,0.641484,0.650427
0.586479,0.637269,0.646219
0.590963,0.640642,0.649555
0.588483,0.639799,0.648615
0.591928,0.642508,0.651579
0.583978,0.63506,0.643656
0.584293,0.633434,0.642279
0.585828,0.635913,0.644778
0.588424,0.636776,0.645817
0.584405,0.634161,0.643071
0.593627,0.642172,0.651154
0.586031,0.636178,0.644893
0.580862,0.630021,0.638941
0.585008,0.635081,0.643727
0.592036,0.640134,0.649138
0.586008,0.634161,0.643173
0.590249,0.638035,0.647091
0.597207,0.644743,0.653635
0.598957,0.647112,0.656084
0.598964,0.648251,0.657402
0.598167,0.646975,0.655875
0.595937,0.644206,0.65327
0.603586,0.650352,0.659343
0.5976,0.643729,0.652684
0.597767,0.643025,0.651898
0.604099,0.649506,0.658476
0.607087,0.652654,0.661726
0.596273,0.644282,0.653302
0.59748,0.645392,0.654311
0.599112,0.645707,0.654691
0.604462,0.649348,0.658527
0.606927,0.652739,0.661664
0.613216,0.656398,0.66534
0.618615,0.661769,0.671017
0.625163,0.66835,0.67757
0.6004,0.647442,0.656566
0.604539,0.651082,0.660128
0.604333,0.65069,0.659672
0.604907,0.649144,0.658132
0.625457,0.667724,0.676951
0.644716,0.684879,0.694214
0.654143,0.692708,0.701988
0.65182,0.691968,0.701382
0.602223,0.648655,0.6577
0.601057,0.647962,0.657156
0.608918,0.653884,0.662971
0.619567,0.662657,0.671749
0.648015,0.687883,0.697259
0.689586,0.724512,0.734055
0.735299,0.767371,0.77777
0.697542,0.731913,0.741737
0.601588,0.647837,0.656988
0.601627,0.647162,0.656227
0.610523,0.654972,0.664049
0.627414,0.669305,0.678561
0.6625,0.701551,0.711075
0.733368,0.765551,0.775921
0.811589,0.833973,0.846073
0.736814,0.76779,0.778266
0.608133,0.654251,0.66344
0.61263,0.658456,0.667874
0.612764,0.656706,0.665877
0.632602,0.675252,0.684706
0.655837,0.696303,0.705706
0.705496,0.740331,0.750572
0.737112,0.767992,0.778467
0.70625,0.740423,0.750397
0.582123,0.637539,0.645988
0.577748,0.633073,0.641632
0.578403,0.633149,0.641713
0.585746,0.640285,0.649003
0.578733,0.633832,0.642162
0.579347,0.634351,0.642843
0.575615,0.629664,0.638282
0.578113,0.633132,0.641609
0.575681,0.630791,0.639145
0.569548,0.625043,0.633297
0.580534,0.634792,0.643416
0.575513,0.630289,0.638766
0.578274,0.633427,0.641906
0.578144,0.634225,0.642627
0.585221,0.639252,0.648003
0.581503,0.636609,0.645065
0.586695,0.642565,0.650911
0.579592,0.634705,0.64313
0.584448,0.639671,0.648252
0.57054,0.625266,0.633715
0.57146,0.624882,0.633411
0.57445,0.628776,0.637157
0.574823,0.629306,0.637776
0.58294,0.634723,0.643529
0.578976,0.634266,0.642832
0.574927,0.629335,0.637808
0.582245,0.636038,0.644623
0.580005,0.633296,0.641976
0.597463,0.649617,0.658469
0.585254,0.638606,0.647241
0.579917,0.632693,0.64157
0.576469,0.629795,0.638448
0.584041,0.637319,0.646005
0.569993,0.623309,0.631784
0.58026,0.6341,0.642703
0.577508,0.630284,0.638808
0.575831,0.627432,0.63621
0.578537,0.630897,0.639361
0.573598,0.625656,0.634282
0.593295,0.644293,0.653556
0.57838,0.630996,0.639804
0.58579,0.639103,0.647853
0.585846,0.638613,0.647296
0.576112,0.62872,0.637376
0.578303,0.63034,0.638996
0.579062,0.630754,0.639527
0.584884,0.636679,0.645446
0.572081,0.62274,0.631205
0.582338,0.634924,0.643685
0.586341,0.638331,0.647191
0.581243,0.634301,0.642962
0.595418,0.64663,0.655649
0.584979,0.635214,0.644102
0.581621,0.632186,0.640952
0.587123,0.637123,0.645835
0.598965,0.648146,0.657034
0.586727,0.638979,0.647789
0.589303,0.64022,0.649137
0.601392,0.650899,0.660013
0.595379,0.645775,0.654771
0.600541,0.649365,0.658422
0.601563,0.649161,0.65817
0.603978,0.651216,0.660259
0.603572,0.650944,0.660002
0.597475,0.647404,0.65644
0.595343,0.645016,0.653958
0.600373,0.650487,0.659631
0.599564,0.647442,0.656482
0.603593,0.651515,0.660644
0.609083,0.654895,0.663938
0.62081,0.666155,0.675351
0.619729,0.663297,0.672569
0.597078,0.646984,0.655895
0.591992,0.641647,0.650515
0.608205,0.656575,0.665705
0.602805,0.650366,0.659584
0.614047,0.660062,0.669211
0.626853,0.671162,0.680559
0.644077,0.684784,0.694217
0.660469,0.700191,0.709626
0.600998,0.649613,0.658818
0.600501,0.649023,0.658255
0.597594,0.645465,0.65455
0.610596,0.657259,0.666349
0.626586,0.670627,0.679918
0.654551,0.69542,0.705144
0.702039,0.738547,0.748465
0.746532,0.779676,0.790601
0.605124,0.653555,0.66283
0.598976,0.647611,0.656273
0.60954,0.657268,0.666365
0.616189,0.66245,0.671414
0.632055,0.67516,0.684309
0.66473,0.704536,0.714035
0.744847,0.777458,0.788332
0.823528,0.846685,0.859355
0.610087,0.658357,0.66755
0.608249,0.655598,0.664989
0.610206,0.657876,0.666911
0.624576,0.670227,0.679731
0.63301,0.67601,0.685271
0.65961,0.699574,0.709177
0.711866,0.747667,0.757877
0.748036,0.779637,0.790528
0.561723,0.623187,0.630414
0.56797,0.631012,0.638273
0.568703,0.632576,0.63974
0.56648,0.632321,0.63891
0.553615,0.618147,0.624745
0.558175,0.622509,0.629245
0.573896,0.63776,0.644895
0.550426,0.617091,0.623079
0.562518,0.624742,0.631955
0.563374,0.628234,0.634997
0.55841,0.621592,0.62847
0.55869,0.623359,0.630131
0.55784,0.621638,0.628713
0.562722,0.627389,0.634345
0.549528,0.613896,0.620448
0.556533,0.619804,0.626808
0.571808,0.632452,0.640132
0.562363,0.625033,0.632287
0.572475,0.633908,0.641504
0.56376,0.626354,0.633508
0.553743,0.617684,0.624365
0.559107,0.620721,0.627737
0.565495,0.629431,0.636585
0.559137,0.62393,0.630515
0.566861,0.629433,0.636771
0.565046,0.626033,0.63366
0.565344,0.627759,0.634958
0.569344,0.630229,0.637864
0.580026,0.642064,0.649917
0.576994,0.637675,0.645439
0.565622,0.627351,0.634642
0.56474,0.627378,0.634801
0.574265,0.635333,0.643185
0.563778,0.624661,0.631934
0.564865,0.626897,0.634314
0.563784,0.625947,0.633096
0.564856,0.625629,0.633126
0.562689,0.624112,0.631321
0.55754,0.619254,0.626391
0.567216,0.629293,0.636933
0.562292,0.621451,0.628981
0.566752,0.626195,0.633867
0.558734,0.618521,0.625747
0.562003,0.622724,0.630142
0.568723,0.62894,0.636658
0.55399,0.616206,0.623196
0.570737,0.632416,0.639904
0.561995,0.623991,0.631288
0.566027,0.623251,0.631141
0.566588,0.623118,0.631057
0.557531,0.616295,0.623696
0.579288,0.63728,0.645608
0.566967,0.628075,0.635716
0.567868,0.629217,0.636775
0.559906,0.621696,0.628987
0.56527,0.625989,0.633312
0.581235,0.636182,0.64444
0.57788,0.632623,0.641027
0.579846,0.635676,0.643846
0.58819,0.644986,0.653441
0.589812,0.646024,0.654599
0.578578,0.637289,0.645429
0.577468,0.636116,0.644339
0.561495,0.621521,0.629066
0.597615,0.649961,0.658784
0.603933,0.657133,0.666093
0.589618,0.642441,0.651087
0.58659,0.641211,0.649719
0.579229,0.634643,0.643048
0.588989,0.646116,0.654417
0.574894,0.633696,0.641733
0.582615,0.641593,0.649771
0.628187,0.677847,0.68718
0.618347,0.667094,0.676419
0.607282,0.658759,0.667617
0.601608,0.655283,0.664067
0.598417,0.652444,0.661062
0.588323,0.643094,0.651632
0.585329,0.641753,0.650052
0.583929,0.641873,0.650065
0.686817,0.731241,0.741605
0.664223,0.710662,0.720461
0.634725,0.682764,0.692132
0.608575,0.659264,0.668462
0.609071,0.662519,0.671408
0.593803,0.649438,0.658069
0.585772,0.642327,0.650487
0.592535,0.648846,0.657428
0.766922,0.802521,0.814124
0.724397,0.764252,0.775139
0.665969,0.710547,0.720613
0.627778,0.677583,0.686909
0.612088,0.663753,0.672883
0.592553,0.646705,0.655369
0.58848,0.643056,0.651856
0.584951,0.641791,0.650127
0.848503,0.873243,0.887449
0.772976,0.808905,0.821012
0.679695,0.722849,0.733039
0.640106,0.688836,0.698519
0.615798,0.668335,0.677512
0.603801,0.658213,0.667011
0.593177,0.648643,0.657101
0.580793,0.638627,0.646567
0.576946,0.633846,0.642263
0.573258,0.62993,0.638415
0.566988,0.623245,0.631401
0.571307,0.630209,0.638264
0.566159,0.62473,0.632487
0.56401,0.622719,0.63052
0.572259,0.629051,0.63729
0.567249,0.625633,0.633267
0.576051,0.633585,0.641834
0.577613,0.633358,0.641642
0.579497,0.635994,0.644418
0.572314,0.631044,0.639056
0.57181,0.628763,0.636984
0.575862,0.634285,0.64232
0.568576,0.627699,0.635496
0.564326,0.623127,0.631138
0.579846,0.636328,0.64457
0.580592,0.636828,0.645404
0.576162,0.63381,0.642104
0.566887,0.623949,0.632109
0.583483,0.639656,0.648217
0.568619,0.625707,0.633577
0.578152,0.637153,0.64524
0.572806,0.629939,0.638069
0.574481,0.630649,0.639065
0.572371,0.628341,0.636625
0.576067,0.631538,0.63998
0.564221,0.621252,0.629001
0.572868,0.629646,0.637734
0.568595,0.624666,0.633095
0.574875,0.632936,0.641028
0.578554,0.635784,0.644109
0.577587,0.631589,0.640162
0.572581,0.628443,0.63644
0.579748,0.634543,0.643189
0.576407,0.632476,0.64073
0.579395,0.635003,0.643366
0.582258,0.637957,0.646434
0.576112,0.631385,0.639619
0.572745,0.629151,0.637384
0.571886,0.62539,0.634022
0.569922,0.624602,0.632854
0.571053,0.624867,0.633444
0.571862,0.62793,0.6361
0.568818,0.623344,0.63158
0.569462,0.625048,0.63322
0.5754,0.632025,0.640091
0.570219,0.62716,0.635258
0.582789,0.63449,0.643177
0.580143,0.634103,0.642522
0.578382,0.6319,0.640324
0.579364,0.632453,0.641122
0.577449,0.631401,0.639812
0.578559,0.632564,0.641013
0.564067,0.619922,0.62816
0.562708,0.618486,0.626791
0.591292,0.641216,0.650264
0.590877,0.640557,0.649563
0.587887,0.638876,0.647716
0.598208,0.650283,0.659059
0.582443,0.634274,0.642973
0.584229,0.637049,0.64584
0.575499,0.629913,0.638384
0.578068,0.633109,0.641506
0.604348,0.653752,0.662567
0.605865,0.653773,0.662993
0.597785,0.646361,0.655274
0.598946,0.648452,0.657351
0.592937,0.643389,0.65229
0.584487,0.636457,0.645159
0.594222,0.647134,0.655976
0.58487,0.637809,0.646604
0.628421,0.674847,0.68417
0.61867,0.663808,0.673057
0.624849,0.67187,0.681159
0.608647,0.657048,0.666231
0.60678,0.655016,0.664169
0.585365,0.636863,0.645318
0.584712,0.635381,0.644216
0.590587,0.643725,0.6526
0.664721,0.706396,0.716096
0.66963,0.710356,0.720059
0.653517,0.696822,0.706237
0.630261,0.67547,0.68483
0.611073,0.658878,0.668044
0.598388,0.648977,0.657732
0.590784,0.642094,0.65077
0.587159,0.638888,0.647783
0.714279,0.751614,0.762014
0.751941,0.785715,0.79692
0.709483,0.747292,0.757433
0.657521,0.701229,0.710869
0.625861,0.671889,0.681075
0.601318,0.649697,0.658672
0.594941,0.645019,0.654008
0.596462,0.647833,0.656645
0.760115,0.792909,0.804431
0.829385,0.852812,0.865974
0.751397,0.785224,0.796388
0.672725,0.714819,0.724734
0.627965,0.672664,0.682107
0.600473,0.648866,0.657901
0.600425,0.65004,0.659076
0.592336,0.643778,0.652588
0.5774,0.634327,0.642635
0.568102,0.626548,0.634749
0.574375,0.632279,0.640325
0.570364,0.626996,0.635174
0.565884,0.624236,0.632271
0.570529,0.629374,0.637303
0.569106,0.62738,0.635352
0.570865,0.630336,0.63813
0.567137,0.623612,0.631674
0.569198,0.627736,0.635768
0.569042,0.627753,0.635837
0.559031,0.617258,0.624867
0.571966,0.630196,0.638306
0.575277,0.632923,0.641011
0.572029,0.628995,0.637257
0.574099,0.631475,0.639531
0.570994,0.626016,0.634293
0.575226,0.632321,0.640553
0.573643,0.630147,0.638323
0.5755,0.632599,0.640896
0.563954,0.622285,0.630176
0.582578,0.639652,0.647873
0.576551,0.63373,0.642011
0.57106,0.628086,0.63623
0.578946,0.634652,0.643063
0.577632,0.63413,0.642389
0.566435,0.622668,0.630923
0.57553,0.629724,0.638368
0.580098,0.636688,0.644875
0.583426,0.640032,0.648292
0.577389,0.634031,0.642343
0.578982,0.634613,0.642967
0.57579,0.629419,0.638003
0.57439,0.629663,0.637974
0.571349,0.625025,0.633566
0.558904,0.615233,0.623211
0.574126,0.629628,0.63795
0.577185,0.634152,0.642376
0.57493,0.62934,0.637822
0.57137,0.62869,0.636859
0.581842,0.635137,0.643793
0.58218,0.637237,0.645505
0.573049,0.627055,0.635454
0.580109,0.63409,0.642647
0.578495,0.634091,0.642537
0.574127,0.629447,0.637869
0.576534,0.633158,0.641591
0.564787,0.620474,0.628707
0.587359,0.640422,0.649011
0.575157,0.628207,0.63648
0.581012,0.634394,0.642999
0.575439,0.629025,0.63745
0.570746,0.623788,0.632185
0.576665,0.631385,0.639848
0.56613,0.619583,0.628069
0.575998,0.630779,0.639258
0.595006,0.645244,0.654444
0.58737,0.637878,0.646664
0.591317,0.642162,0.650975
0.592804,0.643771,0.652543
0.591048,0.643369,0.652029
0.586518,0.64048,0.648842
0.58413,0.636384,0.645178
0.580442,0.633777,0.642128
0.596491,0.645511,0.654422
0.600936,0.649869,0.658558
0.604041,0.652991,0.661915
0.606998,0.656978,0.665878
0.597003,0.64654,0.655432
0.589863,0.640491,0.649167
0.587331,0.639218,0.648026
0.588237,0.640449,0.649157
0.611549,0.659882,0.669004
0.621173,0.667802,0.677002
0.623115,0.669669,0.678966
0.614954,0.661363,0.670486
0.60609,0.653919,0.66284
0.598766,0.648859,0.657501
0.59123,0.642202,0.650675
0.590336,0.640892,0.649722
0.636633,0.680762,0.690264
0.661925,0.704367,0.713972
0.659759,0.701012,0.710561
0.651103,0.694644,0.704165
0.623924,0.670863,0.6801
0.60296,0.65113,0.660267
0.601141,0.651048,0.659947
0.594013,0.645058,0.6539
0.664906,0.707002,0.716822
0.716489,0.754605,0.765017
0.748177,0.781933,0.793011
0.706352,0.743915,0.754133
0.645412,0.687229,0.696687
0.62082,0.66767,0.676668
0.599932,0.648338,0.657254
0.591635,0.64126,0.650074
0.675012,0.715022,0.724819
0.748355,0.782061,0.793079
0.823347,0.846876,0.859692
0.748758,0.783142,0.793972
0.671945,0.714202,0.723934
0.627277,0.673496,0.682959
0.605247,0.654184,0.663138
0.598647,0.648549,0.657417
0.576386,0.634141,0.642368
0.567814,0.625282,0.633517
0.572492,0.630812,0.63861
0.573162,0.630455,0.638582
0.57316,0.630233,0.638377
0.576913,0.63492,0.643008
0.577737,0.635698,0.643672
0.569122,0.627633,0.635621
0.565592,0.624124,0.631899
0.58284,0.638912,0.647239
0.57339,0.631106,0.639094
0.570455,0.629824,0.637598
0.567111,0.623988,0.632226
0.570279,0.628052,0.636285
0.563616,0.622671,0.630586
0.567272,0.62519,0.633193
0.579077,0.636073,0.644364
0.571839,0.628751,0.636942
0.577198,0.633594,0.641862
0.574275,0.632175,0.640242
0.575,0.632579,0.640765
0.569959,0.627543,0.635588
0.573064,0.631182,0.638965
0.571035,0.629024,0.637345
0.577149,0.632563,0.640912
0.573959,0.62926,0.637546
0.573477,0.630936,0.638975
0.576608,0.633498,0.641737
0.578847,0.636514,0.644513
0.574604,0.630594,0.638802
0.571404,0.628276,0.636456
0.574317,0.630615,0.638934
0.573179,0.629579,0.637861
0.571291,0.62616,0.634662
0.569809,0.626907,0.634804
0.574491,0.631923,0.64009
0.576422,0.631474,0.63998
0.574296,0.630284,0.638676
0.578511,0.634017,0.642575
0.576452,0.632281,0.64075
0.571134,0.626159,0.634452
0.556516,0.612407,0.620579
0.573898,0.628516,0.636801
0.56958,0.625177,0.633317
0.574249,0.629987,0.638123
0.572699,0.627847,0.636325
0.579716,0.634282,0.642696
0.57143,0.625988,0.634158
0.570157,0.623983,0.632403
0.585189,0.637885,0.646707
0.571581,0.625264,0.633681
0.563404,0.617137,0.625236
0.57287,0.6264,0.634793
0.578921,0.632569,0.64114
0.581187,0.635143,0.64363
0.578851,0.633079,0.641595
0.590454,0.642797,0.65154
0.580126,0.631718,0.640455
0.586745,0.638281,0.647005
0.583884,0.636033,0.644646
0.592039,0.643126,0.651796
0.584061,0.636108,0.64457
0.583435,0.635639,0.644218
0.577603,0.630702,0.63924
0.595307,0.64489,0.653888
0.599107,0.649027,0.658027
0.597987,0.64665,0.655537
0.598824,0.649107,0.657708
0.59273,0.642167,0.650889
0.59551,0.646347,0.655176
0.596069,0.64793,0.656549
0.584785,0.63607,0.644815
0.610027,0.65765,0.666887
0.604388,0.651995,0.660918
0.620154,0.666568,0.675925
0.621546,0.66839,0.677645
0.611619,0.659416,0.668387
0.60062,0.648198,0.657117
0.597298,0.645832,0.65489
0.588131,0.638524,0.647153
0.614383,0.661374,0.67058
0.629467,0.674891,0.684136
0.651214,0.695206,0.704549
0.662393,0.705105,0.714646
0.649314,0.692998,0.702445
0.622484,0.668361,0.677735
0.612454,0.660446,0.669551
0.598409,0.648356,0.65733
0.631596,0.677282,0.686657
0.658946,0.701102,0.710708
0.708702,0.746792,0.757093
0.745843,0.780243,0.791378
0.702194,0.739413,0.749493
0.657658,0.701376,0.711096
0.632161,0.679713,0.689014
0.604299,0.652667,0.661651
0.639021,0.684081,0.693545
0.669713,0.711111,0.720846
0.752107,0.78701,0.798129
0.830741,0.854838,0.868019
0.74627,0.780183,0.791204
0.666774,0.708039,0.717792
0.621367,0.666918,0.676162
0.606833,0.654372,0.663494
0.574117,0.632685,0.640865
0.570861,0.628635,0.636725
0.569477,0.627031,0.635024
0.581709,0.638734,0.646898
0.566752,0.624998,0.632907
0.578352,0.635667,0.643836
0.57818,0.634518,0.642978
0.575661,0.634237,0.642329
0.560961,0.620403,0.628005
0.575179,0.633101,0.641555
0.566547,0.624693,0.632726
0.565732,0.624667,0.632379
0.569458,0.627777,0.635677
0.566099,0.625194,0.633087
0.568524,0.62625,0.634444
0.573196,0.630862,0.639028
0.574138,0.630831,0.639012
0.57084,0.628616,0.636662
0.574986,0.631698,0.640103
0.577333,0.634374,0.642546
0.574279,0.630745,0.639019
0.570937,0.628661,0.636675
0.571338,0.630104,0.638245
0.57057,0.627342,0.635476
0.57384,0.628425,0.636854
0.585143,0.641537,0.649886
0.590056,0.64642,0.655141
0.576206,0.631578,0.640124
0.569942,0.625485,0.633957
0.574472,0.629755,0.638008
0.576749,0.632817,0.641083
0.577066,0.634153,0.642329
0.583376,0.639301,0.647527
0.569254,0.626007,0.634013
0.577453,0.632673,0.641064
0.572867,0.629138,0.637416
0.572585,0.628387,0.636688
0.576706,0.63218,0.640526
0.578776,0.633344,0.641799
0.579889,0.636595,0.644823
0.574919,0.629829,0.6383
0.562748,0.617412,0.625541
0.576611,0.631786,0.640012
0.578891,0.63339,0.641692
0.573226,0.628056,0.636379
0.563804,0.618628,0.626888
0.576053,0.629846,0.638413
0.573044,0.627855,0.63622
0.570367,0.626168,0.634285
0.576705,0.630329,0.638792
0.571018,0.624565,0.632921
0.567626,0.620147,0.62865
0.583205,0.636006,0.644775
0.576782,0.629306,0.63802
0.57059,0.624945,0.633169
0.584191,0.637402,0.646037
0.579998,0.633004,0.64169
0.588177,0.639804,0.648709
0.585862,0.637774,0.64657
0.587749,0.639402,0.647895
0.59258,0.643936,0.652612
0.588736,0.639993,0.648525
0.582572,0.634242,0.642973
0.580755,0.633545,0.641987
0.591945,0.643428,0.6522
0.589603,0.639844,0.648702
0.595247,0.644696,0.653692
0.595338,0.645373,0.654109
0.599888,0.648097,0.657141
0.598366,0.647343,0.656393
0.601187,0.651078,0.660097
0.596386,0.646085,0.65508
0.597173,0.646967,0.655954
0.603565,0.652707,0.661695
0.602425,0.650282,0.659154
0.609878,0.656871,0.66604
0.617499,0.663823,0.673133
0.612494,0.659488,0.668397
0.609408,0.656956,0.665979
0.600723,0.649326,0.658366
0.595396,0.64323,0.652197
0.612408,0.660604,0.669696
0.627459,0.672469,0.68184
0.648767,0.692309,0.701783
0.662528,0.704787,0.714487
0.644295,0.687345,0.69676
0.625098,0.670793,0.679986
0.613816,0.660639,0.669679
0.608382,0.656886,0.666114
0.621441,0.667267,0.676748
0.653929,0.697128,0.706702
0.706665,0.74484,0.75502
0.746236,0.780679,0.791614
0.704067,0.742515,0.752691
0.653733,0.696793,0.706466
0.62124,0.66593,0.675202
0.610099,0.657379,0.666645
0.626473,0.67145,0.680729
0.664838,0.705744,0.71567
0.748315,0.782675,0.793653
0.826119,0.850082,0.862882
0.754888,0.789894,0.801131
0.666928,0.708659,0.718404
0.630825,0.675538,0.685107
0.570182,0.62775,0.635774
0.572404,0.630537,0.638587
0.576547,0.633998,0.642305
0.573786,0.63218,0.64027
0.571401,0.63004,0.63777
0.570402,0.627493,0.635906
0.572159,0.62962,0.637713
0.576617,0.63377,0.641953
0.568216,0.626821,0.634779
0.565703,0.623859,0.631805
0.564564,0.622767,0.630627
0.568754,0.626244,0.63434
0.571838,0.629559,0.637494
0.577159,0.634309,0.642532
0.569372,0.627187,0.635143
0.573402,0.630092,0.638545
0.573544,0.631054,0.639203
0.571814,0.629647,0.637697
0.569234,0.626098,0.63425
0.575935,0.63316,0.641357
0.573736,0.630244,0.638513
0.57535,0.632119,0.640415
0.574224,0.631255,0.63942
0.575768,0.632246,0.640462
0.568774,0.624416,0.632583
0.581416,0.637,0.64546
0.579023,0.636257,0.644746
0.5867,0.642675,0.651185
0.570936,0.62795,0.636094
0.58083,0.635189,0.643492
0.574916,0.631544,0.640007
0.574107,0.62906,0.637471
0.578431,0.63476,0.64324
0.575155,0.630627,0.639137
0.573979,0.630159,0.638299
0.583917,0.639261,0.647794
0.574597,0.63006,0.638312
0.578255,0.633637,0.642015
0.583331,0.639014,0.647451
0.575345,0.629497,0.637977
0.574352,0.63056,0.63875
0.563223,0.618908,0.626828
0.569721,0.624874,0.633207
0.575507,0.630909,0.63933
0.575802,0.631652,0.639987
0.579795,0.634128,0.642861
0.57299,0.627119,0.635635
0.577415,0.631911,0.640402
0.570714,0.626769,0.63495
0.575644,0.63118,0.639362
0.574196,0.629382,0.637748
0.572207,0.625144,0.633605
0.579419,0.633557,0.64208
0.567551,0.621019,0.629538
0.586098,0.638419,0.647242
0.577936,0.631499,0.639847
0.591531,0.644218,0.653001
0.582537,0.635097,0.643707
0.5803,0.633133,0.64163
0.588913,0.640923,0.649661
0.586476,0.637568,0.646315
0.592869,0.643887,0.652683
0.58954,0.63984,0.648701
0.587382,0.638404,0.64702
0.590684,0.643195,0.651771
0.593338,0.645656,0.65445
0.594441,0.646162,0.655058
0.594015,0.643738,0.652706
0.603309,0.653804,0.662823
0.603154,0.651767,0.660605
0.60654,0.656094,0.665127
0.602073,0.650643,0.659742
0.588466,0.639618,0.648442
0.586006,0.637495,0.646186
0.598986,0.647863,0.656933
0.608915,0.65717,0.666193
0.616361,0.663397,0.672571
0.624317,0.671086,0.680199
0.613314,0.659479,0.668547
0.615332,0.662511,0.671521
0.594867,0.645698,0.654609
0.598478,0.648184,0.657139
0.606672,0.654156,0.663352
0.623651,0.668729,0.677985
0.650863,0.694018,0.703741
0.668711,0.71108,0.720865
0.652738,0.694816,0.704346
0.634749,0.680155,0.689357
0.592124,0.642517,0.651477
0.608223,0.657013,0.666192
0.612759,0.658942,0.668128
0.653981,0.697321,0.706975
0.709449,0.747697,0.757962
0.75123,0.78565,0.796718
0.708456,0.745796,0.756076
0.654081,0.695752,0.705293
0.597522,0.648111,0.657071
0.606815,0.65597,0.66495
0.625534,0.671765,0.680908
0.662659,0.704642,0.714162
0.748811,0.783495,0.794575
0.825708,0.849464,0.86241
0.750811,0.784754,0.79588
0.678678,0.720324,0.730348
0.578318,0.636272,0.644525
0.578654,0.635786,0.644109
0.574162,0.631101,0.63923
0.575632,0.63427,0.642163
0.57465,0.633149,0.641301
0.576625,0.633312,0.64153
0.586352,0.64238,0.650852
0.57566,0.632581,0.640647
0.571528,0.63046,0.638207
0.56069,0.619283,0.627086
0.566419,0.624447,0.632521
0.569637,0.627893,0.635915
0.564185,0.623368,0.631161
0.564924,0.623215,0.631191
0.567115,0.62482,0.632802
0.573202,0.627293,0.63584
0.562929,0.620288,0.628367
0.56975,0.6273,0.635471
0.570059,0.627071,0.635346
0.569513,0.627809,0.635697
0.575671,0.632404,0.640666
0.576826,0.633185,0.641539
0.571225,0.628022,0.636298
0.580948,0.6358,0.644475
0.580697,0.637321,0.645782
0.57852,0.634606,0.643012
0.577679,0.632643,0.641209
0.572014,0.629518,0.637545
0.578076,0.63539,0.64349
0.571515,0.627742,0.635967
0.584256,0.639478,0.648059
0.571391,0.625677,0.634217
0.575858,0.631551,0.639952
0.571486,0.628013,0.636191
0.5795,0.636494,0.644972
0.577645,0.634224,0.64245
0.58016,0.635795,0.644163
0.577055,0.631953,0.640427
0.575804,0.631084,0.639395
0.585962,0.640184,0.64877
0.572211,0.628397,0.636585
0.567415,0.623553,0.631763
0.567648,0.624715,0.632647
0.571142,0.625879,0.634329
0.572351,0.626415,0.634642
0.579805,0.631719,0.640569
0.568486,0.623762,0.631823
0.579124,0.631987,0.640616
0.573885,0.629584,0.637839
0.571199,0.625735,0.63398
0.572182,0.626586,0.635108
0.576032,0.629926,0.638471
0.580324,0.63368,0.642218
0.585988,0.639399,0.648239
0.578736,0.631319,0.640122
0.583132,0.635628,0.644146
0.580532,0.633926,0.642614
0.57993,0.633386,0.642031
0.580897,0.634047,0.64259
0.586354,0.637461,0.646352
0.584363,0.635817,0.644523
0.592828,0.64393,0.652753
0.59194,0.642345,0.651185
0.596969,0.647118,0.656161
0.585134,0.636834,0.64576
0.593622,0.645655,0.654446
0.590466,0.641831,0.65071
0.588373,0.639648,0.648262
0.602888,0.653084,0.662015
0.594887,0.642592,0.651522
0.605995,0.654333,0.663456
0.604727,0.652829,0.661715
0.58967,0.642291,0.650887
0.595085,0.645928,0.654992
0.588948,0.6401,0.648815
0.60085,0.650406,0.659448
0.606894,0.654078,0.663161
0.616287,0.663645,0.67275
0.624777,0.670166,0.679367
0.622369,0.667881,0.677276
0.589567,0.640119,0.649175
0.584899,0.63642,0.645108
0.607982,0.658509,0.667407
0.605026,0.652578,0.661621
0.624773,0.670773,0.679898
0.647936,0.690927,0.700398
0.668548,0.710035,0.719813
0.655413,0.697307,0.70695
0.593252,0.644498,0.653424
0.5897,0.639651,0.648639
0.601574,0.64867,0.657814
0.619435,0.665872,0.675023
0.65069,0.693672,0.703135
0.702597,0.740089,0.7501
0.746897,0.780421,0.791334
0.717953,0.755928,0.766226
0.59952,0.650097,0.659197
0.599793,0.649445,0.658495
0.603804,0.6528,0.661634
0.623488,0.669407,0.678622
0.668569,0.709757,0.719525
0.74755,0.781223,0.792243
0.826975,0.850792,0.863718
0.755488,0.788939,0.80018
0.560636,0.620985,0.62889
0.571972,0.632407,0.640319
0.566748,0.627402,0.635004
0.562911,0.623321,0.630975
0.56465,0.625128,0.632782
0.56044,0.620817,0.627983
0.564482,0.622822,0.630852
0.567783,0.626822,0.634795
0.570846,0.632289,0.640044
0.570263,0.629738,0.637744
0.565791,0.626382,0.634012
0.567782,0.62835,0.636065
0.571097,0.631786,0.639471
0.567733,0.628514,0.636102
0.564231,0.624569,0.631997
0.572872,0.634041,0.641875
0.569897,0.629381,0.637319
0.568687,0.629649,0.637296
0.575221,0.634575,0.642455
0.559362,0.620043,0.627311
0.56582,0.624978,0.632812
0.569172,0.628814,0.636612
0.567299,0.626883,0.634786
0.576206,0.634737,0.642874
0.56177,0.621667,0.629341
0.558463,0.618833,0.626219
0.56744,0.625981,0.633932
0.571276,0.630401,0.638378
0.573395,0.631244,0.639331
0.572911,0.630306,0.638318
0.576057,0.634287,0.642365
0.577182,0.633938,0.642264
0.570526,0.628611,0.636709
0.570065,0.629062,0.636781
0.57137,0.630015,0.638086
0.577714,0.635798,0.643796
0.57705,0.634637,0.64273
0.566643,0.62505,0.632805
0.568289,0.625595,0.633788
0.570182,0.627361,0.635524
0.563198,0.621299,0.628911
0.564523,0.623957,0.631646
0.578328,0.635048,0.643256
0.57072,0.629266,0.637081
0.564128,0.621788,0.629767
0.572059,0.629012,0.637099
0.561329,0.617632,0.625555
0.577664,0.634349,0.642416
0.571402,0.629258,0.637301
0.562547,0.620726,0.628472
0.567614,0.624271,0.632262
0.572343,0.629652,0.637561
0.570245,0.627087,0.635
0.567937,0.623455,0.631739
0.571735,0.626752,0.63486
0.578647,0.633868,0.642041
0.58488,0.641132,0.649626
0.577368,0.632663,0.641044
0.583693,0.638832,0.647445
0.584341,0.639278,0.647627
0.585511,0.638969,0.647489
0.588612,0.641703,0.650388
0.582588,0.635203,0.643613
0.595432,0.647728,0.656667
0.574422,0.62847,0.636817
0.590236,0.644845,0.65354
0.594049,0.648243,0.656997
0.58768,0.640645,0.649285
0.578693,0.631055,0.639661
0.597924,0.64924,0.658026
0.609345,0.660811,0.669739
0.600267,0.649831,0.658888
0.586947,0.640974,0.649863
0.594609,0.64824,0.65695
0.587702,0.64107,0.649576
0.58728,0.639323,0.648117
0.603443,0.654605,0.663424
0.608979,0.658442,0.667335
0.621811,0.670226,0.679221
0.628166,0.675102,0.684367
0.580632,0.634265,0.642551
0.590005,0.643468,0.651957
0.586534,0.638047,0.646706
0.601542,0.652111,0.661124
0.612395,0.660625,0.669672
0.630632,0.676301,0.685794
0.662347,0.70679,0.716431
0.670008,0.712226,0.721987
0.576351,0.630456,0.638867
0.593676,0.646712,0.655366
0.596928,0.649441,0.658253
0.606138,0.655601,0.664595
0.630931,0.679793,0.688975
0.658873,0.702437,0.712185
0.712985,0.751572,0.761835
0.75179,0.786069,0.797179
0.588108,0.641268,0.650093
0.595731,0.64819,0.657119
0.598322,0.649651,0.658456
0.607535,0.658181,0.667131
0.631872,0.678148,0.687592
0.667762,0.709042,0.718916
0.755679,0.790312,0.801559
0.834513,0.858369,0.871728
